"utterance","context","maxim","violation_type","source","subreddit","post_title","row_id"
"The weather is nice today.","Why were you late to the meeting?","Relation","unknown","synthetic","","","d47b8da5e416"
"Have you tried the new coffee place?","Did you finish the report?","Relation","unknown","synthetic","","","01d5d0eda8cc"
"My cat did the funniest thing yesterday.","Can we talk about the budget?","Relation","unknown","synthetic","","","7ee890384ab6"
"I hear it might rain tomorrow.","Are you going to apologize?","Relation","unknown","synthetic","","","04569b9718be"
"That's a nice shirt.","Did you read my email?","Relation","unknown","synthetic","","","176b6b75692b"
"How about those playoffs?","We need to discuss your performance review.","Relation","unknown","synthetic","","","b56052b8fff1"
"I'm thinking about getting a new plant.","When are you going to pay me back?","Relation","unknown","synthetic","","","0047275b69ff"
"I had cereal for breakfast.","What time should we schedule the standup?","Relation","unknown","synthetic","","","17d20e0e2fe5"
"My sister lives in Portland.","Have you submitted the pull request yet?","Relation","unknown","synthetic","","","2ea7accffb87"
"Oh that reminds me, I need to buy milk.","So what's the plan for the migration?","Relation","unknown","synthetic","","","92e8be761f5f"
"Some students passed.","Did everyone pass the exam?","Quantity","flouting","synthetic","","","016a4b961275"
"I've been to a country or two.","Have you traveled much?","Quantity","flouting","synthetic","","","2f49ed93dc15"
"Well, where do I even begin. So first I woke up at 6:47, not 6:45 like usual, and then I brushed my teeth for exactly two minutes...","How was your morning?","Manner","flouting","synthetic","","","5561e361a375"
"He has a pulse.","How's the new intern doing?","Quantity","flouting","synthetic","","","b826bd0b1c33"
"Yes.","Can you walk me through how the authentication flow works?","Quantity","flouting","synthetic","","","1a4e0a70ddbf"
"It was okay I guess.","Can you give me detailed feedback on my presentation?","Quantity","flouting","synthetic","","","3633ba5f8da5"
"Well the thing is we started the project in January and at first we were thinking about using React but then someone suggested Vue and we had a whole meeting about it and then...","What framework did you end up using?","Manner","flouting","synthetic","","","08213e6964f7"
"Oh sure, I LOVE waiting in line for three hours.","How do you feel about the DMV?","Quality","flouting","synthetic","","","f3b946fc23b9"
"I've told you a million times.","Can you remind me of the password?","Quality","flouting","synthetic","","","ac91c7509334"
"He's a real Einstein.","What do you think of the new hire?","Quality","flouting","synthetic","","","25c72a64a16f"
"My heart literally exploded.","How was the concert?","Quality","flouting","synthetic","","","645dbe138b01"
"Yeah and I'm the Queen of England.","I finished the entire project last night.","Quality","flouting","synthetic","","","fb4de0b2bb5a"
"The capital of Australia is Sydney.","What's the capital of Australia?","Quality","violating","synthetic","","","9a2e86c4b218"
"I'm pretty sure the meeting is at 3.","When is the meeting? It's at 2.","Quality","violating","synthetic","","","816cd84b2dac"
"That word means happy.","What does 'lugubrious' mean?","Quality","violating","synthetic","","","0d153627c220"
"It's a mammal.","Is a penguin a mammal?","Quality","violating","synthetic","","","f06de9f7cad5"
"Shakespeare wrote it in the 1800s.","When was Hamlet written?","Quality","violating","synthetic","","","8368c4249104"
"I may or may not have potentially been in a situation where something could have occurred.","What happened?","Manner","flouting","synthetic","","","82e4b2915d8a"
"She performed a series of bilateral contractions of the orbicularis oculi muscles.","What did she do?","Manner","flouting","synthetic","","","e300baee2a1b"
"It's not not possible that it's not untrue.","Is this correct?","Manner","flouting","synthetic","","","0970df459801"
"So basically the thing is that it's like when you have the situation where it's not working.","What's the bug?","Manner","flouting","synthetic","","","3ddd3b6ef52b"
"We should do it before after the meeting.","When should we deploy?","Manner","flouting","synthetic","","","1d289488533f"
"The function returns the thing that the other function needs to do the thing.","How does this code work?","Manner","flouting","synthetic","","","e86d4d2dd442"
"I'm not at liberty to discuss that.","What happened in the board meeting?","Quantity","opting_out","synthetic","","","7b606bdc5704"
"I'd rather not say.","How much do you make?","Quantity","opting_out","synthetic","","","253c63ae09d8"
"No comment.","Did you know about the layoffs before they were announced?","Quantity","opting_out","synthetic","","","7ca2ebb537be"
"Someone told me it might be in building C but I'm not sure.","Where is the exam?","Quality","flouting","synthetic","","","e3260f607aaa"
"I think she's upset but I don't want to put words in her mouth.","How does Sarah feel about the reorg?","Quantity","flouting","synthetic","","","65d7aff6ea25"
"I heard a rumor but I really shouldn't repeat it.","What's going on with the Johnson account?","Quantity","flouting","synthetic","","","f753c39ea980"
"The meeting is at 3pm in room 204.","When and where is the meeting?","Cooperative","none","synthetic","","","33611401872c"
"I finished the report and sent it to Sarah.","What did you do today?","Cooperative","none","synthetic","","","25939685cf08"
"Yes, I'll be there.","Can you make it to dinner tonight?","Cooperative","none","synthetic","","","32ceae27d2d1"
"It costs forty-five dollars.","How much is it?","Cooperative","none","synthetic","","","ab0881b0d125"
"No, I haven't heard from her since Tuesday.","Have you talked to Maria?","Cooperative","none","synthetic","","","de0b6efaba76"
"The train arrives at 5:15.","When does the train get here?","Cooperative","none","synthetic","","","9234f18457ed"
"It's three blocks north on the left side of the street.","How do I get to the pharmacy?","Cooperative","none","synthetic","","","ef60b71b25dc"
"We're using PostgreSQL 15 with PostGIS.","What database are you running?","Cooperative","none","synthetic","","","8596d89996c3"
"I disagree — I think we should go with option B because it's cheaper.","Should we go with option A?","Cooperative","none","synthetic","","","653eac7b1031"
"My dog is three years old.","What's the status on the API migration?","Relation","unknown","synthetic","","","9289f514a132"
"Fine.","Can you tell me everything that happened at the client meeting?","Quantity","flouting","synthetic","","","926b6a3683e2"
"Good.","How did the surgery go? We've been worried sick.","Quantity","flouting","synthetic","","","073b69d90139"
"So anyway after that meeting which was on a Tuesday I think or maybe Wednesday and Sarah was there and also possibly Mark though he might have left early and we discussed the thing about the budget which reminded me of last quarter when we had that other budget issue...","Did they approve the proposal?","Manner","flouting","synthetic","","","3f8cbbd70585"
"Things.","What did you buy at the store?","Quantity","flouting","synthetic","","","ae205a22bc53"
"It went.","How was your first day at the new job? Tell me everything!","Quantity","flouting","synthetic","","","139de6bfd27a"
"So like the thing is you go there and then you do that and then the other thing happens.","How do I set up the development environment?","Manner","flouting","synthetic","","","4014cc3f535a"
"It's in the place where we put the thing last time we did the thing.","Where's the backup drive?","Manner","flouting","synthetic","","","27f327db2880"
"The meeting got rescheduled to before when it was after.","When is the meeting now?","Manner","flouting","synthetic","","","0033833f05c1"
"Wow, you're so fast.","Sorry it took me three weeks to reply to your email.","Quality","flouting","synthetic","","","3d53bb3d66f1"
"What a surprise.","The deploy failed again.","Quality","flouting","synthetic","","","1340bd0c1b24"
"Sure, and pigs fly.","I'll definitely have it done by Friday.","Quality","flouting","synthetic","","","03107e9c5f58"
"It's on the second shelf in the supply room.","Where do we keep the printer paper?","Cooperative","none","synthetic","","","b6b6823da70a"
"I sent it to the team yesterday around 3pm.","Did you share the meeting notes?","Cooperative","none","synthetic","","","1aaf5c86be76"
"About forty-five minutes if traffic is normal.","How long is the drive?","Cooperative","none","synthetic","","","fdaca4ab4d95"
"She said she'd have it ready by Thursday.","When is the design review?","Cooperative","none","synthetic","","","0742af861558"
"Two years, mostly on the backend.","How long have you been on this team?","Cooperative","none","synthetic","","","64541ffe0a53"
"No, we decided to go with the vendor option instead.","Are we building it in-house?","Cooperative","none","synthetic","","","9b7bd4a666e1"
"It's in the shared drive under Q3 Reports.","Where can I find last quarter's numbers?","Cooperative","none","synthetic","","","da3739bbfcbc"
"I wonder what's for lunch.","Have you thought about what I said?","Relation","unknown","synthetic","","","8b8ca1643c5e"
"Look, a squirrel!","Can you explain why the tests are failing?","Relation","unknown","synthetic","","","a7543ceea560"
"You know what I love about this office? The lighting.","Did you take the money from petty cash?","Relation","unknown","synthetic","","","4f2c5efce9c2"
"Speaking of which, have you been to that new Thai place?","So about the missing inventory...","Relation","unknown","synthetic","","","bf2a9c89f78d"
"Isn't it someone's birthday this week?","When are you going to finish the migration?","Relation","unknown","synthetic","","","9d593a96db56"
"We've had some feedback.","How did the users react to the redesign?","Quantity","flouting","synthetic","","","76bc2286889e"
"There have been... developments.","What happened while I was on vacation?","Quantity","flouting","synthetic","","","1e1a1df9b33d"
"I have thoughts.","What do you think about the CEO's new strategy?","Quantity","flouting","synthetic","","","f9cddd6f96c3"
"I've seen worse.","How's the code quality on this legacy project?","Quantity","flouting","synthetic","","","1656dce38fb4"
"Parts of it were interesting.","Did you like the movie?","Quantity","flouting","synthetic","","","c97a26a16e0a"
"Clearly I'm the problem here.","The server crashed after your deploy.","Quality","flouting","synthetic","","","77842161bc17"
"Because that worked so well last time.","Let's try the same approach again.","Quality","flouting","synthetic","","","808852ed8a21"
"I'm drowning in free time.","Can you take on one more project?","Quality","flouting","synthetic","","","a6f2859cde5c"
"Oh no, my heart bleeds for you.","I only got a 15% raise this year.","Quality","flouting","synthetic","","","45bcd75e31ca"
"What a tragedy.","The vending machine is out of chips.","Quality","flouting","synthetic","","","a4c732d05291"
"I'm sure it'll be a page-turner.","We have a new compliance document to review.","Quality","flouting","synthetic","","","82990507aa04"
"Right, because that's totally how databases work.","Can't we just delete the duplicates?","Quality","flouting","synthetic","","","b7ac033c6168"
"The Great Wall of China is visible from space.","Can you see it from up there?","Quality","violating","synthetic","","","b0d9a12c8276"
"Humans only use 10% of their brains.","Why can't I remember anything?","Quality","violating","synthetic","","","4b57b523e408"
"Lightning never strikes the same place twice.","Should we worry about that tree?","Quality","violating","synthetic","","","87bdf1f0fb59"
"It takes seven years to digest gum.","I accidentally swallowed my gum.","Quality","violating","synthetic","","","1b28601bf2f6"
"We lose most of our body heat through our heads.","Should I bring a hat?","Quality","violating","synthetic","","","28828beab08c"
"Goldfish have a three-second memory.","Do you think the fish recognizes me?","Quality","violating","synthetic","","","fbedef2cb56a"
"Cracking your knuckles causes arthritis.","Can you stop doing that?","Quality","violating","synthetic","","","a1e075f44d0e"
"You should wait 30 minutes after eating to swim.","Can we go to the pool now?","Quality","violating","synthetic","","","58b52805322e"
"In a manner of speaking, through a lens of contextual reframing, one might suggest it was suboptimal.","How was the meeting?","Manner","flouting","synthetic","","","7fa750fc86c2"
"Step 1: don't. Step 2: see step 1.","How should I respond to this angry email?","Manner","flouting","synthetic","","","20a907dee1ed"
"It's like that thing, but the other way, and also sideways.","Can you describe the architecture?","Manner","flouting","synthetic","","","a2c4282ed017"
"The answer is yes, no, and it depends, in that order.","Should we launch on Monday?","Manner","flouting","synthetic","","","89fe44c4457b"
"Let me put it this way: imagine a duck.","Can you explain the billing system?","Manner","flouting","synthetic","","","1e1db1116e9d"
"It's not not a problem, but it's not a not-problem either.","Is this a bug?","Manner","flouting","synthetic","","","fa1170079e11"
"Think of it as aggressively adequate.","How would you rate the contractor's work?","Manner","flouting","synthetic","","","7c8f4b8b6098"
"Chronologically? Alphabetically? By emotional intensity?","What happened today?","Manner","flouting","synthetic","","","6b1baaa62140"
"So the thing with the API is that it does the thing when you call it but sometimes it doesn't do the thing and then you have to do the other thing.","What's wrong with the API?","Manner","flouting","synthetic","","","c8ad002946a7"
"I put it over there by the thing next to where we had the meeting about the stuff.","Where did you put the contract?","Manner","flouting","synthetic","","","6d5c7332652b"
"Yeah so basically you just kind of do it and then it works or it doesn't.","How do I configure the load balancer?","Manner","flouting","synthetic","","","f06d6b4bdc14"
"The issue is related to the implementation of the functionality pertaining to the user-facing interface.","What's the bug?","Manner","flouting","synthetic","","","d663b9642fea"
"First you do the last part, then skip to the middle, then do the beginning.","How do I file an expense report?","Manner","flouting","synthetic","","","e2b4a44d4409"
"It's like email but not email, more like a message but not a text.","What platform should I use to contact them?","Manner","flouting","synthetic","","","8111fc960d0a"
"The system does what it does when it does it.","Can you document how the cron job works?","Manner","flouting","synthetic","","","13e277ad599d"
"We need to leverage the synergies of the cross-functional paradigm shift.","What's the plan for next quarter?","Manner","flouting","synthetic","","","6c6829f93f0a"
"Three bugs, all in the auth module.","What did you find in the code review?","Cooperative","none","synthetic","","","4959aa4d03b9"
"It's a React app with a Node backend.","What are we building?","Cooperative","none","synthetic","","","8bcd81129084"
"I'd recommend the salmon.","What's good here?","Cooperative","none","synthetic","","","137040645dd5"
"About 200 lines, mostly tests.","How big is the PR?","Cooperative","none","synthetic","","","50e5949781c7"
"She's on PTO until next Wednesday.","Is Sarah available for a meeting?","Cooperative","none","synthetic","","","058cca38c2c3"
"It's a known issue, fix is in the next release.","Why does the export keep failing?","Cooperative","none","synthetic","","","24ff42aa80c0"
"Yep, merged it this morning.","Did the hotfix go out?","Cooperative","none","synthetic","","","4dcab1a884ee"
"Chicken parm, if they still have it.","What do you want for lunch?","Cooperative","none","synthetic","","","0d8f32073778"
"I think we should wait for the test results first.","Should we ship this today?","Cooperative","none","synthetic","","","817ed60cb949"
"About 12 milliseconds per request.","What's the average latency?","Cooperative","none","synthetic","","","ffaad176be73"
"No, that was deprecated in version 4.","Does the old endpoint still work?","Cooperative","none","synthetic","","","4599774d2010"
"So I started watching this new show last night.","Can we talk about what happened at Thanksgiving?","Relation","unknown","synthetic","","","f2c036e87b60"
"Have you noticed the new art in the lobby?","Why didn't you cc me on that email?","Relation","unknown","synthetic","","","8758ff980d65"
"I should really start going to the gym.","Are you going to address the complaint?","Relation","unknown","synthetic","","","487273156fcb"
"This coffee is actually pretty good today.","Did you tell HR about the incident?","Relation","unknown","synthetic","","","66e9ed84f0ea"
"Oh hey, is that a new phone?","We need to discuss your expenses.","Relation","unknown","synthetic","","","e44c919bd79a"
"I was thinking about taking up pottery.","What did the auditors say?","Relation","unknown","synthetic","","","8d8915760b9d"
"You know what, I've never been to Iceland.","Can you explain this charge on the company card?","Relation","unknown","synthetic","","","267638a40435"
"I think I'm going to repaint my kitchen.","Have you told the client about the delay?","Relation","unknown","synthetic","","","ae44600280f8"
"Did you know octopuses have three hearts?","When are you going to respond to legal?","Relation","unknown","synthetic","","","3b69cf051839"
"My neighbor got the cutest puppy.","We need your incident report by end of day.","Relation","unknown","synthetic","","","acdaa1cf1c52"
"It could have gone better.","How did your driving test go?","Quantity","flouting","synthetic","","","965bf1efbfa0"
"Well, it exists.","Have you seen the new website design?","Quantity","flouting","synthetic","","","1ccbe418aca2"
"It was... an experience.","How was the team offsite?","Quantity","flouting","synthetic","","","46c099ee7c46"
"Some things were said.","What happened in the meeting with the CEO?","Quantity","flouting","synthetic","","","ec39f5fdcd36"
"I wouldn't say no.","Do you want to grab dinner?","Quantity","flouting","synthetic","","","65c3e95b8f5b"
"There's room for improvement.","How did I do on the presentation?","Quantity","flouting","synthetic","","","6b207b41c3d5"
"Mistakes were made.","What went wrong with the release?","Quantity","flouting","synthetic","","","a2a673ccb766"
"I may or may not have seen your keys.","Have you seen my keys?","Quantity","flouting","synthetic","","","f843d9375979"
"The report is fine.","Is the report ready?","Manner","flouting","synthetic","","","618f5a729b33"
"Some students passed the exam.","Did all students pass?","Quantity","flouting","synthetic","","","a8e55bc4d8c4"
"It is possible the meeting is at 3pm.","When is the meeting?","Quality","violating","synthetic","","","e2174958a08a"
"I think Paris is in Germany.","Where is Paris?","Quality","violating","synthetic","","","6655d31d1b53"
"I arrived at the station.","Where have you been?","Cooperative","none","synthetic","","","4937193ba2f0"
"She left.","Where did she go?","Cooperative","none","synthetic","","","e05f36470858"
"Yeah.","Can you explain what went wrong with the deployment?","Quantity","violating","synthetic","","","812d89e3002c"
"It's fine.","Can you give me a detailed status update on the project?","Quantity","violating","synthetic","","","a33f0e9c9068"
"So basically what happened was I got to the office around 8:47 and then I opened my laptop and it took about three minutes to boot which is longer than usual and then I opened Slack and I had 47 messages and the first one was from Dave and he said...","Did the client approve the contract?","Manner","violating","synthetic","","","26ac806a3f6f"
"We talked about some things and made some decisions.","Can you send me the meeting minutes?","Quantity","violating","synthetic","","","f8da01847db9"
"I fixed it.","What was the root cause of the outage and what did you change?","Quantity","violating","synthetic","","","698074b5a186"
"There were people there and we discussed topics.","How was the conference?","Quantity","violating","synthetic","","","6ae42dde0937"
"I sent an email.","What steps have you taken to resolve the customer complaint?","Quantity","violating","synthetic","","","2efdecae0345"
"Good.","Can you walk me through your analysis of the Q3 numbers?","Quantity","violating","synthetic","","","0c22fe2c0410"
"I made changes.","What exactly did you push to production?","Quantity","violating","synthetic","","","ff4be37ab839"
"It didn't work so I tried something else and then it worked.","Can you document what you did to fix the authentication bug?","Quantity","violating","synthetic","","","c1b5067df4a9"
"React is a programming language.","What framework are you using?","Quality","violating","synthetic","","","72d74837b538"
"The sprint ends on Friday.","When does the sprint end? It ends Wednesday.","Quality","violating","synthetic","","","e0fb9e691f5d"
"Python is statically typed.","Why do I need type hints?","Quality","violating","synthetic","","","2edd33b119ac"
"We have about fifty employees.","How big is the company? We have three hundred.","Quality","violating","synthetic","","","84a63442cace"
"The API rate limit is 10,000 requests per second.","Why am I getting throttled at 100 per minute?","Quality","violating","synthetic","","","a2265c5158d7"
"That meeting is optional.","Can I skip the all-hands? No — attendance is mandatory.","Quality","violating","synthetic","","","ebc1ef0ad124"
"I'm pretty sure that's covered under our insurance.","Is this expense reimbursable? No — it's explicitly excluded.","Quality","violating","synthetic","","","9d508e5fb150"
"The repo is public.","Can anyone see this code? No — it's a private repo.","Quality","violating","synthetic","","","2f9bbd67682d"
"CSS is a programming language.","What languages do you know?","Quality","violating","synthetic","","","9463f5dc7c04"
"The deadline was extended to next month.","When is this due? It was moved up to this Friday.","Quality","violating","synthetic","","","baebefdca61d"
"Oh I meant to tell you the elevator was weird this morning.","So what's the verdict on the vendor contract?","Relation","unknown","synthetic","","","e800f989b3be"
"Did anyone else notice the AC is broken?","We're here to discuss the quarterly roadmap.","Relation","unknown","synthetic","","","573da78911c3"
"My commute was terrible today.","What's our strategy for the product launch?","Relation","unknown","synthetic","","","5cfc6e76d567"
"I just realized I forgot to water my plants.","Have you reviewed the pull request I tagged you on?","Relation","unknown","synthetic","","","d16fd48a1954"
"The lunch options here are really limited.","Can we go over the test results?","Relation","unknown","synthetic","","","3a9b26289683"
"Has anyone tried that new smoothie place?","We need to finalize the budget allocations.","Relation","unknown","synthetic","","","835edb1468e2"
"I keep getting spam calls lately.","What did the client say about the revised timeline?","Relation","unknown","synthetic","","","db4c5e409fb4"
"My laptop charger is fraying.","Can we talk about the deployment schedule?","Relation","unknown","synthetic","","","273cf81f5147"
"I think they changed the parking rules.","What's the status on the data migration?","Relation","unknown","synthetic","","","d7138c92ad8f"
"So the thing is basically it's not not working but it's also not fully like operational in the way that you'd want.","Is the feature ready to ship?","Manner","violating","synthetic","","","3d6b05164f5b"
"I did the thing with the config and then the other config and changed the setting to the other setting.","What did you change in the environment?","Manner","violating","synthetic","","","b74e8d9bbfd4"
"It's like when you have the thing and it does the thing but then the other thing happens instead.","Why is the build failing?","Manner","violating","synthetic","","","64f3c4c698db"
"We should maybe potentially consider possibly looking into that at some point.","Are we going to fix the accessibility issues?","Manner","violating","synthetic","","","2ea06b3dcffd"
"The data goes from the first thing to the second thing and then it gets processed by the third thing.","Can you explain the data pipeline?","Manner","violating","synthetic","","","f1d190684dbd"
"I updated the code in the file in the folder in the repo.","Where did you make the change?","Manner","violating","synthetic","","","9035565b9c27"
"The meeting is about the thing we discussed at the other meeting about the previous thing.","What's tomorrow's meeting about?","Manner","violating","synthetic","","","cdb699670dcc"
"The error is happening because of the way the system handles the process when the condition is met.","What's causing the 500 errors?","Manner","violating","synthetic","","","54c80051a5ee"
"I think we need to do the thing before the other thing but after the first thing unless the third thing happens first.","What's the order of operations for the release?","Manner","violating","synthetic","","","066a53f0e7a5"
"It's in the place where we keep the things for the project.","Where's the style guide?","Manner","violating","synthetic","","","4294800bfd74"
"The bug was in the auth middleware — a null check was missing on the session token. I added the check and wrote a regression test.","What caused the login failures?","Cooperative","none","synthetic","","","8dd768e86ba7"
"I'd suggest PostgreSQL for this. The data is highly relational and we need ACID compliance for the transaction processing.","What database should we use?","Cooperative","none","synthetic","","","79d5e1d7a507"
"Three candidates looked strong. I've scheduled second rounds for Monday and Tuesday with the hiring panel.","How did the interviews go?","Cooperative","none","synthetic","","","05b8d3a8f9c6"
"Oh fantastic, another all-hands meeting. My absolute favorite.","How do you feel about the company update tomorrow?","Quality","flouting","synthetic","","","5ceddd041ab8"
"Right, because traffic in SF is always such a dream.","You seem stressed. Long commute?","Quality","flouting","synthetic","","","4927060c2eab"
"Sure, I'll just whip up a complete redesign by end of day. Totally realistic.","Can we get the new UI done by EOD?","Quality","flouting","synthetic","","","f506d9f2444d"
"Wow, what a thorough code review. Very actionable.","The review just said ""looks good.","Quality","flouting","synthetic","","","a4844fd94097"
"Oh he definitely listens to feedback. Every single time.","Does your manager take input well?","Quality","flouting","synthetic","","","74c55dd3d250"
"Great, I love when my calendar is just one long blue rectangle.","You have five back-to-back meetings today.","Quality","flouting","synthetic","","","8ba931ed6690"
"Classic. Nothing I love more than discovering a critical bug in prod on a Friday.","We found an issue in prod.","Quality","flouting","synthetic","","","53871e2fe5d4"
"Yeah, the documentation is incredibly thorough. All twelve words of it.","Is there documentation for this system?","Quality","flouting","synthetic","","","55e162bc6956"
"Absolutely, he's a natural with constructive feedback. Definitely didn't make anyone cry.","How did the performance reviews go?","Quality","flouting","synthetic","","","a413c9057fea"
"Oh I'm sure the onboarding process will be seamless. It always is.","You're starting your new job next week.","Quality","flouting","synthetic","","","4a8a97846920"
"Right, and I'm sure that ""quick sync"" will only take fifteen minutes like it says.","Do you have a quick sync at noon?","Quality","flouting","synthetic","","","b40cc875ab9d"
"Oh she took the news really well. Only went completely silent for a full minute.","How did she react when you told her?","Quality","flouting","synthetic","","","ee8672fc6066"
"Yeah the new ticketing system is so much simpler. Totally intuitive after just six training videos.","What do you think of the new system?","Quality","flouting","synthetic","","","cbdd2ee94cc2"
"Wow, a reply-all chain at 9pm. Just what I needed.","Did you see that email thread?","Quality","flouting","synthetic","","","c9f366e2b143"
"Great, the client loved it. You could really tell from how fast they left.","How did the presentation land?","Quality","flouting","synthetic","","","4c3a2b757f5f"
"The Great Wall of China is visible from space.","Tell me something cool about it.","Quality","violating","synthetic","","","4ed2b6d67744"
"Bats are completely blind.","How do bats navigate?","Quality","violating","synthetic","","","ffa825929233"
"Napoleon was extremely short for his time.","What was Napoleon like physically?","Quality","violating","synthetic","","","a6882d72f954"
"Humans and dinosaurs coexisted for thousands of years.","When did dinosaurs go extinct?","Quality","violating","synthetic","","","ecd7d2f1b00b"
"Goldfish have a three-second memory.","Why doesn't my goldfish seem to recognize me?","Quality","violating","synthetic","","","1e73c5b66c76"
"Sugar makes kids hyperactive.","Why is my kid so wound up after the party?","Quality","violating","synthetic","","","b0f3fd957ed3"
"The tongue has separate zones for each taste.","Where do I taste sweetness?","Quality","violating","synthetic","","","3640bf10c1e1"
"Alcohol warms you up when you're cold.","It's freezing out. Want a flask?","Quality","violating","synthetic","","","49b163924420"
"I'm pretty sure Python is a compiled language.","What kind of language is Python?","Quality","violating","synthetic","","","589e055d403c"
"The deadline is Friday I'm almost certain.","When's the report due?","Quality","violating","synthetic","","","5f5ee4bce9dc"
"I think the meeting got moved to 4.","Didn't we say 2pm?","Quality","violating","synthetic","","","8d7ddd339c1e"
"Marie Curie won the Nobel in Chemistry twice.","What was Marie Curie's greatest achievement?","Quality","violating","synthetic","","","6a04ee1b4aeb"
"Darwin said survival of the fittest means the strongest survive.","What did Darwin mean by natural selection?","Quality","violating","synthetic","","","3f081f052d93"
"The process involves a series of iterative transformations applied recursively to the upstream data artifacts.","How does the pipeline work?","Manner","violating","synthetic","","","11bd859c83a3"
"So it's like the thing that does the stuff for the other thing but only when the conditions are met by the first thing.","Can you explain the algorithm?","Manner","violating","synthetic","","","55bdd0111d0c"
"We need to leverage synergistic cross-functional alignment to operationalize our go-forward strategy.","What's the plan?","Manner","violating","synthetic","","","61a6bb01eefd"
"The system enters an indeterminate state under non-canonical input sequences.","What's the bug?","Manner","violating","synthetic","","","2258501a58dd"
"It's a customer-facing value-delivery mechanism with asynchronous fulfillment capabilities.","What does your app do?","Manner","violating","synthetic","","","d28ab2d9fd79"
"The methodology entails the systematic decomposition of high-level objectives into granular actionable deliverables.","How do you plan your work?","Manner","violating","synthetic","","","4c014982692e"
"We're exploring a potential restructuring of resource allocation frameworks.","Is anyone getting laid off?","Manner","violating","synthetic","","","7792ea912f52"
"We're in a dynamic situation with respect to the forward-looking timeline.","When will it ship?","Manner","violating","synthetic","","","e9d9a7726f94"
"What you want to do is essentially not do the thing until after you've done the other thing first but check before.","How do I run the deployment?","Manner","violating","synthetic","","","f63706fb36d4"
"Click the button — not that one, the other one — and then do the next step before the one I said.","How do I set up my account?","Manner","violating","synthetic","","","ebfc97190686"
"The entity in question underwent a permanent cessation of vital biological functions.","Did he die?","Manner","violating","synthetic","","","1da32ed0dd09"
"We're not not moving forward.","Is the project greenlit?","Manner","violating","synthetic","","","6d2294841a1f"
"I need you to do the thing we talked about before the other thing happens.","What do you need from me?","Manner","violating","synthetic","","","c4faaa1db0f1"
"The implementation is nontrivially dependent on the nondeterministic resolution of external state.","Why does it keep breaking?","Manner","violating","synthetic","","","b6df212f915e"
"There may be circumstances under which the described outcome could be considered not entirely inaccurate.","Is this true or not?","Manner","violating","synthetic","","","b0fb08a7f0d1"
"We're taking a phased approach to the deprecation of legacy infrastructure components.","Are you killing the old system?","Manner","violating","synthetic","","","912fdd79431d"
"Please ensure the deliverable reflects appropriate stakeholder alignment prior to finalization.","Can you just review my doc?","Manner","violating","synthetic","","","9665393ec56c"
"My grandmother made the best pie.","Did you finish the quarterly report?","Relation","unknown","synthetic","","","f304c8d4701a"
"I've been really into sourdough lately.","What's causing the latency issues?","Relation","unknown","synthetic","","","81dadf03766e"
"Have you seen how expensive avocados are now?","Did you review my pull request?","Relation","unknown","synthetic","","","d72dfb750bbc"
"I used to have a dog named Biscuit.","What happened to the client files?","Relation","unknown","synthetic","","","cc3749451479"
"It's supposed to rain this weekend.","Are you going to address what you said in the meeting?","Relation","unknown","synthetic","","","f5f726dbe605"
"There's a great Thai place near my apartment.","Can we talk about the deployment failure?","Relation","unknown","synthetic","","","f1774f927e82"
"I think about switching to Android sometimes.","What's the status on the user auth bug?","Relation","unknown","synthetic","","","80a1da888d70"
"My college roommate was really into philosophy.","Why did the test suite fail?","Relation","unknown","synthetic","","","ad26b6e873cf"
"Did I mention I'm learning Portuguese?","What did legal say about the contract?","Relation","unknown","synthetic","","","df5bed23513c"
"I saw a really good film last weekend.","What's your answer to their counterproposal?","Relation","unknown","synthetic","","","f0e77f1b40b0"
"Isn't it wild how fast kids grow up?","Have you responded to the investor email?","Relation","unknown","synthetic","","","bac4f0d7ec71"
"I've been thinking about getting a standing desk.","Did the client approve the mockups?","Relation","unknown","synthetic","","","9fb030680a2e"
"My commute is genuinely meditative.","How are you going to fix this?","Relation","unknown","synthetic","","","e4eb4c8f0ef8"
"The light's really nice this time of year.","I asked you a direct question.","Relation","unknown","synthetic","","","67fb9dc973a0"
"You know what I miss? Blockbuster.","We have a serious problem with the data.","Relation","unknown","synthetic","","","e3ea88576d22"
"I had the most incredible sandwich yesterday.","What do you think we should do?","Relation","unknown","synthetic","","","52a7e26e8dba"
"There's a weird smell in the office kitchen.","The deadline is in two hours.","Relation","unknown","synthetic","","","d5ccd88084e8"
"Parking downtown has gotten insane.","Did you fix the regression?","Relation","unknown","synthetic","","","b658d310e2bb"
"I really respect people who know how to sail.","How do you plan to handle the complaint?","Relation","unknown","synthetic","","","1ee7dfc21c58"
"My phone keeps autocorrecting ""the"" to ""tbe"".","What happened to the budget?","Relation","unknown","synthetic","","","da1ab32d0d80"
"Have you ever really looked at a ceiling?","I need you to make a decision.","Relation","unknown","synthetic","","","f8c61ce1dd14"
"Yes.","Can you explain how the merge conflict happened?","Quantity","violating","synthetic","","","0acdb5530e87"
"Fine.","How are you doing after everything that happened?","Quantity","violating","synthetic","","","d7763970a5e8"
"It's handled.","Did you follow up with the client about the complaint?","Quantity","violating","synthetic","","","5339fac904e0"
"I took care of it.","What did you do about the production issue?","Quantity","violating","synthetic","","","ef350cb7fc65"
"We figured it out.","How did the architecture discussion end?","Quantity","violating","synthetic","","","9c2d5f5926f9"
"I sent something.","Did you respond to their legal notice?","Quantity","violating","synthetic","","","34a4b71193c8"
"It's in progress.","Where are we on the migration?","Quantity","violating","synthetic","","","fc2ca35dc11a"
"I looked into it.","What did you find about the security vulnerability?","Quantity","violating","synthetic","","","039f01a187e6"
"Someone's on it.","Who's covering the incident?","Quantity","violating","synthetic","","","129f52b2c0b3"
"I reached out.","Did you ever hear back from the vendor?","Quantity","violating","synthetic","","","5531083d6803"
"There was an issue.","Why did the build fail?","Quantity","violating","synthetic","","","baec8945340d"
"We talked.","Did you and your manager address the promotion?","Quantity","violating","synthetic","","","088182803cbe"
"I made a note.","Should I be worried about the discrepancy in the report?","Quantity","violating","synthetic","","","8f1c804f7e31"
"I have thoughts.","What's your take on the new proposal?","Quantity","violating","synthetic","","","5ec3b592e7a6"
"We discussed it.","What came out of the board meeting?","Quantity","violating","synthetic","","","9343474b57a3"
"Progress is being made.","Is the feature going to ship this quarter?","Quantity","violating","synthetic","","","a2dd2b78835d"
"I've been better.","Are you okay? You seem really off.","Quantity","violating","synthetic","","","24b086be7c75"
"I'm dealing with some things.","You've seemed distant lately.","Quantity","violating","synthetic","","","52b6feda6f52"
"There were some developments.","What happened with the lawsuit?","Quantity","violating","synthetic","","","5fe6b0a68b13"
"It's in the shared drive under Q2 reports.","Where's the file?","Cooperative","none","synthetic","","","07908b562c73"
"I'll be there at 7.","What time should I expect you?","Cooperative","none","synthetic","","","6aa0213d3c2d"
"I already sent the invoice.","Did you handle the billing?","Cooperative","none","synthetic","","","4e19d9b546ad"
"It's about a three-hour drive.","How far is it?","Cooperative","none","synthetic","","","92f0d7e2ffdd"
"The venue holds about 200 people.","How big is the space?","Cooperative","none","synthetic","","","497b73bf28a0"
"He's been with the company for six years.","How long has Marcus been here?","Cooperative","none","synthetic","","","f156815f7b56"
"We use Postgres for the main database.","What database does the system run on?","Cooperative","none","synthetic","","","ebee287329bd"
"I closed the ticket this morning.","Is that bug fixed?","Cooperative","none","synthetic","","","b67e43e8e099"
"The next train leaves at 11:42.","When's the next train?","Cooperative","none","synthetic","","","f5ac1b8f6d79"
"She's working remotely today.","Is Priya in the office?","Cooperative","none","synthetic","","","06e042340057"
"It takes about 20 minutes on foot.","How long does it take to walk from here?","Cooperative","none","synthetic","","","4735a1b1b097"
"The password is in 1Password under ""staging"".","Where's the login for the staging server?","Cooperative","none","synthetic","","","0e1af93de604"
"I'll handle it.","Do you need someone to cover the client call?","Cooperative","none","synthetic","","","a01143003c7f"
"We decided to go with the third option.","Which proposal did the team pick?","Cooperative","none","synthetic","","","739f4d6ec9f0"
"The refund takes 5–7 business days.","When will I get my money back?","Cooperative","none","synthetic","","","c538b1e31730"
"He graduated from Michigan in 2019.","Where did he go to school?","Cooperative","none","synthetic","","","4adf225178c3"
"The repo is public on GitHub.","Where can I find the source code?","Cooperative","none","synthetic","","","0cf9b71851f8"
"It's the one with the red handle.","Which wrench do I need?","Cooperative","none","synthetic","","","ddd2a9889847"
"She confirmed for Thursday.","Is the interview scheduled?","Cooperative","none","synthetic","","","282768219026"
"It's under warranty until 2027.","Is this still covered?","Cooperative","none","synthetic","","","099b35b762d5"
"Yes and I've already looped in legal.","Did you see the email from compliance?","Cooperative","none","synthetic","","","2cd651247e20"
"It'll take about two sprints.","How long will this feature take?","Cooperative","none","synthetic","","","c70419997ceb"
"The API rate limit is 1000 requests per minute.","Will our usage stay under the limit?","Cooperative","none","synthetic","","","8bfc999e509d"
"They declined.","Did we get the contract?","Cooperative","none","synthetic","","","83f95b9f5113"
"The incident happened at 2:17am — a null pointer exception in the payment module.","What caused the outage?","Cooperative","none","natural","","","ac0471e50f4e"
"I can take that meeting — I'm free from 3 to 5.","Is anyone available to cover the client call?","Cooperative","none","natural","","","4174522cee73"
"We have seven open tickets, two of which are P1.","What's the current state of the queue?","Cooperative","none","natural","","","3d56a0060990"
"The venue is booked for Saturday the 14th, from noon to 10pm.","When do we have the space?","Cooperative","none","natural","","","29ca1388e589"
"She asked for a two-week extension and the client agreed.","What happened with the deadline?","Cooperative","none","natural","","","ddffa633b86f"
"There are three open seats on the 6:30 flight.","Are there still tickets available?","Cooperative","none","natural","","","65142e5fd88e"
"I already talked to him — he's fine with the new timeline.","Did you check with Marcus about the change?","Cooperative","none","natural","","","d5d9220ae414"
"We need three approvals and so far we have two.","What's left before we can merge?","Cooperative","none","natural","","","af5412c17b79"
"She starts Monday and her onboarding is scheduled with the team lead.","When does the new hire start?","Cooperative","none","natural","","","d7b090c7e52c"
"It's a flat fee of eight hundred per month with a six-month minimum.","How does the pricing work?","Cooperative","none","natural","","","c2a7dbbce025"
"The test failed on line 47 — a type mismatch in the input schema.","Why is CI failing?","Cooperative","none","natural","","","e805ecab54f4"
"I sent it Thursday and got a read receipt.","Did you follow up with the client?","Cooperative","none","natural","","","e6b79582dd7a"
"It's about a forty-minute drive, but parking near the venue is terrible.","How long does it take to get there?","Cooperative","none","natural","","","668ed7f8d3bd"
"We have runway for about 14 months at current burn.","How long can we operate without new funding?","Cooperative","none","natural","","","53bdf7ac49fd"
"The PR has two comments — one style note and one blocking question about error handling.","Is the PR ready?","Cooperative","none","natural","","","284f78b923e6"
"Yes, and I've already flagged it to the security team.","Did you see the CVE in our dependency?","Cooperative","none","natural","","","b016b4022fce"
"He declined but said he'd be open to revisiting in Q2.","Did the investor pass?","Cooperative","none","natural","","","52972d73c946"
"The logs show a spike at 3:42pm corresponding to the batch job.","When did the latency go up?","Cooperative","none","natural","","","f54e6e8e9f64"
"We need the signed contract, the W-9, and proof of insurance.","What does vendor onboarding require?","Cooperative","none","natural","","","25935259ea5b"
"It ran for eleven minutes and returned 4,200 rows.","How did the query perform?","Cooperative","none","natural","","","98b7e1d3bcd0"
"I'm not available Tuesday but Wednesday afternoon works.","Can we meet this week?","Cooperative","none","natural","","","763873cc5d8f"
"The config is at /etc/app/settings.yaml — environment variables override it.","Where does the app read its config from?","Cooperative","none","natural","","","b0d90fc93c47"
"We're estimating six to eight weeks depending on how QA goes.","When will the feature be ready?","Cooperative","none","natural","","","0ea5d200e192"
"There are two blockers: the design isn't signed off and we're waiting on a legal review.","Why hasn't this shipped yet?","Cooperative","none","natural","","","65f45412b526"
"She moved to a competitor last month.","Whatever happened to the lead we were courting?","Cooperative","none","natural","","","ecc261883ab1"
"Median response time is 340ms; 95th percentile is over 2 seconds.","What's the performance like?","Cooperative","none","natural","","","9ce7199f26db"
"It's open source under MIT, so you can fork it freely.","Can we use this library in our product?","Cooperative","none","natural","","","e2a59f3c0c50"
"Yes.","Can you walk me through the deployment process?","Quantity","violating","natural","","","6fff609be80f"
"Things happened.","What came out of the retrospective?","Quantity","violating","natural","","","44c902b9a96f"
"I looked at it.","What's your assessment of the security audit report?","Quantity","violating","natural","","","a8d3246d64ee"
"A lot.","How much does the migration affect performance?","Quantity","violating","natural","","","d801c6b19a3d"
"No.","Can you explain why you rejected the proposal?","Quantity","violating","natural","","","ca46f5fe428f"
"Not great.","How did the user testing sessions go?","Quantity","violating","natural","","","f552d49d547a"
"I'll handle it.","What's your plan for reducing the technical debt?","Quantity","violating","natural","","","2a2d35033753"
"Some.","How many customers were affected by the outage?","Quantity","violating","natural","","","e7d6e046d747"
"Eventually.","When will the backfill be complete?","Quantity","violating","natural","","","f6e1d981308a"
"I've heard things.","What's the word on the merger talks?","Quantity","flouting","natural","","","8ab81d160327"
"We had words.","What happened in the vendor negotiation?","Quantity","flouting","natural","","","6e02240cf377"
"You'll see.","What are you planning to present at the demo?","Quantity","flouting","natural","","","130cc77e987f"
"Not nothing.","Did anyone complain about the new policy?","Quantity","flouting","natural","","","4bc341168f18"
"Results vary.","Is the new feature working?","Quantity","flouting","natural","","","4a8ff058c582"
"There were opinions.","How did the design review go?","Quantity","flouting","natural","","","9cb6483b9db9"
"So to answer your question about whether or not it's done, the answer is in the affirmative with respect to the primary deliverable, though the secondary outputs remain in a state of pending.","Is the report done?","Manner","violating","natural","","","8507c9908a17"
"You go to the place and do the login thing then find the option under the other option.","How do I access the admin panel?","Manner","violating","natural","","","c74cf2a80c07"
"It's the one we were talking about, not the other one.","Which branch should I check out?","Manner","violating","natural","","","b8abdf2e0a41"
"First you deploy, then you run migrations, unless you've already run migrations in which case you deploy first but check the flag.","What's the deployment order?","Manner","violating","natural","","","765e8e5d45ef"
"The error is the kind of error that happens when the thing that's supposed to happen doesn't happen in the right way.","What's causing the timeout?","Manner","violating","natural","","","0cd8255646aa"
"It's over by the other thing — not the first other thing, the second one.","Where's the staging environment documentation?","Manner","violating","natural","","","010a4a9174e7"
"Errors are occurring in circumstances where inputs of an unexpected variety are encountered by the system.","Why is the validator failing?","Manner","violating","natural","","","67fed3bc1e07"
"You can access it via the method that's not the main one, the other access method.","How do I log in as a guest?","Manner","violating","natural","","","f815e8db650e"
"It was agreed upon to proceed in the direction of the previously discussed option that was not the first one discussed.","Which option did the team go with?","Manner","violating","natural","","","55135c86e17e"
"Do the thing in the environment where you usually do it, but not when it's in the state it's usually in.","How do I reset the cache?","Manner","violating","natural","","","48472ab5cda1"
"The component should receive the prop from the parent but pass it through the child to the grandchild unless the grandchild handles it itself.","How does state get passed here?","Manner","violating","natural","","","83a0b14061b8"
"We're moving forward but not in the same direction as before, more like adjacent to it.","What's the new product direction?","Manner","violating","natural","","","408c7b6956dc"
"The ticket was closed by the person who opened it after a conversation with someone about the thing it was about.","What happened to that bug report?","Manner","violating","natural","","","0d11d953c305"
"To configure it correctly, set the second value before the first, and the third depends on both but only after restart.","How do I set up the environment variables?","Manner","violating","natural","","","1326c7ce9ca9"
"He clearly has a gift for listening.","How does your manager handle feedback from the team?","Quality","flouting","natural","","","b2ac61c847e1"
"They sent a very thorough one-star review.","How did the delivery go?","Quality","flouting","natural","","","4239a67ed7dc"
"He's really grown into the role. Started showing up on time in month six.","What's the new hire like?","Quality","flouting","natural","","","3bd9b1b5eab5"
"She took a moment to reflect on the feedback. About four seconds.","How did she respond when you told her?","Quality","flouting","natural","","","956b1be4c086"
"The architecture is impressively consistent. Consistently wrong, but consistent.","What do you think of the legacy codebase?","Quality","flouting","natural","","","d6b6c2cf9d57"
"He's very communicative. Every email is at least three paragraphs of nothing.","Is he easy to work with?","Quality","flouting","natural","","","56b7337a6e8c"
"The standup was efficient. Seven minutes per person.","How was the standup?","Quality","flouting","natural","","","12cce747b52a"
"The tests are comprehensive. They cover every case except the ones that fail in production.","Is this codebase well-tested?","Quality","flouting","natural","","","05bf51720ae0"
"He's deeply committed to the process. Never misses a chance to schedule another meeting about it.","How's the new project manager?","Quality","flouting","natural","","","b3c843bff86a"
"The documentation is recent. 2019.","Is there good documentation for this?","Quality","flouting","natural","","","96c5c69f8f42"
"We shipped two of the nine tickets.","How did the sprint go?","Cooperative","none","natural","","","bb60d54684ae"
"The launch event was well-attended. Mostly by the team, since we forgot to send the invites.","How did the launch go?","Quality","flouting","natural","","","5875976fd964"
"He's extremely detail-oriented. Spent the whole meeting on the font choice.","What's the new designer like?","Quality","flouting","natural","","","4ca49394c0cd"
"The user research was thorough. They asked three people.","How solid is the research backing this decision?","Quality","flouting","natural","","","44b4c00c1fd4"
"He's very decisive. It only took him six weeks to pick a color palette.","Is he good at making decisions?","Quality","flouting","natural","","","f341eb24d8f8"
"They were very receptive to the proposal.","How did the investors respond?","Quality","flouting","natural","","","90420d924025"
"The migration went smoothly. Just the one total data loss.","How did the database migration go?","Quality","flouting","natural","","","9b8ea2d842ff"
"The performance review was positive. He used the word adequate twice.","How did the review go?","Quality","flouting","natural","","","ae2b69569205"
"The team is very aligned. On the fact that they disagree.","Is the team on the same page?","Quality","flouting","natural","","","b40a41fc5d02"
"Fine.","Can you send me the updated doc by noon?","Cooperative","none","natural","","","d1887b38e242"
"Fine.","Can you walk me through the whole architecture decision and why you made those tradeoffs?","Quantity","violating","natural","","","f2fb7d0e7767"
"Okay.","What do you think about the new strategy? Give me your honest take.","Quantity","violating","natural","","","355520ec40e4"
"Sure.","Can you cover the Tuesday standup?","Cooperative","none","natural","","","63b4a0039ecf"
"Sure.","Can you explain why the auth service keeps timing out?","Quantity","violating","natural","","","a1d14d2ee58d"
"Got it.","Did you understand the new deployment process I just described?","Cooperative","none","natural","","","7b61009f4b0b"
"Got it.","I really need you to listen to what I'm going through right now.","Quantity","violating","natural","","","5cf4e66ee44e"
"I know.","Did you hear that the release got pushed?","Cooperative","none","natural","","","b885baafd202"
"I know.","Can you tell me how you're going to fix this?","Quantity","violating","natural","","","31ab342454dd"
"Yeah.","Is that okay with you?","Cooperative","none","natural","","","373ad707e031"
"Yeah.","Can you detail what happened during the outage?","Quantity","violating","natural","","","b886972ab6ba"
"We'll see.","Are you going to address the issue with the team?","Quantity","flouting","natural","","","0665254aa589"
"Noted.","Can you explain what you're going to do differently going forward?","Quantity","violating","natural","","","c2ce762274db"
"Understood.","Does that timeline work for you?","Cooperative","none","natural","","","739d4b4d3506"
"It's fine.","How's the new office setup working for you?","Cooperative","none","natural","","","36c87005eda7"
"It's fine.","How are you really holding up after the layoffs? We're worried about you.","Quantity","violating","natural","","","f59888d25a97"
"Same as always.","How's the project going?","Quantity","flouting","natural","","","390cda58c7e7"
"Ask me later.","What did the CEO say in the closed-door meeting?","Quantity","opting_out","natural","","","ba17e3c1ebb3"
"That's not something I can speak to.","What did the board decide about the acquisition?","Quantity","opting_out","natural","","","c3909730e05e"
"You'd have to ask her directly.","What does Sarah think about the reorg?","Quantity","opting_out","natural","","","74f2ecd083ac"
"I'm not the right person to answer that.","What happened in the executive meeting?","Quantity","opting_out","natural","","","a42042d72c24"
"That's above my pay grade.","What's the company's stance on the lawsuit?","Quantity","opting_out","natural","","","7d14744d4fd7"
"I'm not in a position to share that.","What did legal say about the contractor situation?","Quantity","opting_out","natural","","","726f928e09bb"
"Ask me again after the announcement.","Is the company being acquired?","Quantity","opting_out","natural","","","6f2b63652d36"
"That's confidential.","What were the terms of the settlement?","Quantity","opting_out","natural","","","14c436f92468"
"I've been asked not to discuss it.","What came out of the investigation?","Quantity","opting_out","natural","","","68e8c3f60d22"
"You'll find out when everyone else does.","Did you know about the layoffs?","Quantity","opting_out","natural","","","414301e96c56"
"I'd rather keep that private.","How much equity do you have?","Quantity","opting_out","natural","","","ef1f20af5c21"
"I don't think it's my place to say.","Why did Marcus really get fired?","Quantity","opting_out","natural","","","f6d32629b478"
"Off the record or on?","What do you actually think of the new CEO?","Quantity","opting_out","natural","","","813821e78d0e"
"That's between me and the review committee.","What was in your performance evaluation?","Quantity","opting_out","natural","","","2522623e64ff"
"I really can't get into that right now.","What happened between you and the client?","Quantity","opting_out","natural","","","0a33fbdb8611"
"Not something I'm at liberty to confirm or deny.","Were you involved in the decision to freeze hiring?","Quantity","opting_out","natural","","","5ac2c20b3e13"
"I'll let the official statement speak for itself.","What's your personal take on what happened?","Quantity","opting_out","natural","","","896687463dca"
"You should really get that from the source.","What did they say they're going to do about it?","Quantity","opting_out","natural","","","0dc5ea527f05"
"That's not mine to share.","What did he say in his resignation letter?","Quantity","opting_out","natural","","","f18bb5b99763"
"This isn't the right venue for that conversation.","Can you just tell me what's actually going on with the project?","Quantity","opting_out","natural","","","d25db66a44cb"
"Some things are better left unsaid.","What did you really think of her proposal?","Quantity","opting_out","natural","","","c5eac494de59"
"I'm going to stay in my lane on this one.","What's your take on the product direction?","Quantity","opting_out","natural","","","a45380e3f977"
"That one's above my clearance level.","What's in the internal audit?","Quantity","opting_out","natural","","","99ff5a617f3f"
"I think we should let legal handle the messaging on that.","What exactly went wrong?","Quantity","opting_out","natural","","","1d843d97ed64"
"I'd rather not revisit it.","Can you walk me through what you said in the meeting?","Quantity","opting_out","natural","","","35104d18c0ba"
"We decided to postpone the release until after the holiday freeze.","Why didn't v2.4 go out last week?","Cooperative","none","natural","","","187f835332e7"
"I'll need access to the staging environment and a copy of the latest schema.","What do you need to get started?","Cooperative","none","natural","","","99a341345720"
"She's on track to finish by Thursday, assuming no new blockers.","Will the designer make the deadline?","Cooperative","none","natural","","","b5c0ccc32e97"
"The issue was a race condition in the queue consumer — I've pushed a fix.","What happened with the duplicate messages?","Cooperative","none","natural","","","26f25ebaf7a1"
"We're using the same vendor but renegotiated the rate down by 15%.","Did we switch providers?","Cooperative","none","natural","","","2aa3211b1182"
"The API change is backward-compatible so existing integrations won't break.","Will this affect any of our partners?","Cooperative","none","natural","","","c66f452d20fc"
"I paired with her on it yesterday and she's got a good handle on the approach.","Does she need help with the refactor?","Cooperative","none","natural","","","5b9961721d58"
"It's blocked on the legal review — I've pinged them twice this week.","Why is the partnership agreement stalled?","Cooperative","none","natural","","","83150da1b587"
"The error rate dropped from 2.3% to 0.4% after the deploy.","Did the fix work?","Cooperative","none","natural","","","e5f834a761f1"
"We ran a/b testing for two weeks with about 8,000 users per variant.","How did you validate the change?","Cooperative","none","natural","","","713764843377"
"I've already updated the runbook and notified the on-call rotation.","Is anyone prepared for this?","Cooperative","none","natural","","","0d47741493cd"
"It's React 18 with server components — we migrated from Next.js pages router.","What's the frontend stack?","Cooperative","none","natural","","","6a82a813fc80"
"We cut the feature set by about a third to hit the date.","How did you make the deadline?","Cooperative","none","natural","","","cf02fa413030"
"The dashboard loads in under two seconds now, down from twelve.","Is it faster after the optimization?","Cooperative","none","natural","","","d319442d006b"
"Both options are viable but option A saves us about six weeks of work.","Which approach do you recommend?","Cooperative","none","natural","","","05b169ab10a5"
"I've documented the decision and the reasoning in the ADR.","Is there a record of why we chose this?","Cooperative","none","natural","","","071dc2034953"
"He's a real team player. You can tell by how often he cc's the entire company.","Is he collaborative?","Quality","flouting","natural","","","1e671f68c378"
"The code is self-documenting. In the sense that reading it is an act of faith.","Is the codebase maintainable?","Quality","flouting","natural","","","cf21810dc4b7"
"She brings a lot of energy to the meetings. Mostly anxiety.","How is she in meetings?","Quality","flouting","natural","","","8511070bf5d8"
"The process is streamlined. Down to only seventeen approval steps.","Is the workflow efficient?","Quality","flouting","natural","","","b7613e435b22"
"He's very thorough with code review. Last one took him three sprints.","Is he a good reviewer?","Quality","flouting","natural","","","ad240a0ddcb6"
"The rollout was controlled. In that we watched helplessly as it rolled out.","Was the release managed well?","Quality","flouting","natural","","","fc351ef29872"
"The team morale is high. They've stopped complaining, which is basically the same thing.","How's the team feeling?","Quality","flouting","natural","","","94285d2bad49"
"The meeting was productive. We scheduled three follow-up meetings to discuss what we discussed.","Did you make progress?","Quality","flouting","natural","","","4c2cce8c3b81"
"The onboarding is well-structured. By day four you'll know where the bathroom is.","How's the onboarding?","Quality","flouting","natural","","","efd85e4f7219"
"The system is robust. It's been up for almost two whole days this time.","Is the platform stable?","Quality","flouting","natural","","","4e4cb5188a45"
"His estimates are reliable. He said two weeks and it only took two months.","Can we trust his timelines?","Quality","flouting","natural","","","bb11bfec8aa8"
"The test coverage is solid. If you don't count the parts that aren't tested.","Are we well-tested?","Quality","flouting","natural","","","099ef5f72731"
"She's great at prioritization. Everything is P0.","Does she manage the backlog well?","Quality","flouting","natural","","","d3939c5b7042"
"I wonder if the vending machine has been restocked.","Can we finalize the pricing model today?","Relation","unknown","natural","","","be03db774470"
"There's a really good documentary about octopuses.","What's our plan for handling the data breach?","Relation","unknown","natural","","","c03300217dc2"
"Have you ever been to a drive-in movie?","The board wants a response by end of week.","Relation","unknown","natural","","","1cf815b03d84"
"My neighbor just got chickens.","How are we going to handle the service degradation?","Relation","unknown","natural","","","3fe4454daefe"
"I keep thinking about that hiking trail we saw.","Did the stakeholders approve the revised scope?","Relation","unknown","natural","","","dbbba2af945b"
"Apparently there's a meteor shower tonight.","We need to assign owners to the remaining tickets.","Relation","unknown","natural","","","140401048d4e"
"The cafeteria changed their soup rotation.","What's our go-to-market timeline?","Relation","unknown","natural","","","62d8fd8cce3c"
"I just learned that honey never expires.","Can you walk me through the incident post-mortem?","Relation","unknown","natural","","","168b40989aa7"
"Someone left their umbrella in the conference room.","Are we going to address the performance regression?","Relation","unknown","natural","","","78d04d2fe6e4"
"Have you seen the new mural on the second floor?","What's the status of the compliance remediation?","Relation","unknown","natural","","","ff794fbe5c19"
"My flight got upgraded last time I flew through Denver.","We need to decide on the database migration strategy.","Relation","unknown","natural","","","123571f4b5c4"
"I think I left my charger at home.","The audit findings need to be addressed by Friday.","Relation","unknown","natural","","","4c07e49bb140"
"I was reading about how they make sourdough starters.","Can we discuss the service level agreement?","Relation","unknown","natural","","","9d56ef774488"
"Ha, fuck, you're probably right.","The job search is the gap year lol I applied for 6 months before landing something which I will start in July","Cooperative","none","natural","cscareerquestions","Just got laid off. Want to take a gap year. Is that advisable?","8d4aa7c715d7"
"Just curious, why is your start date so far away?","The job search is the gap year lol I applied for 6 months before landing something which I will start in July","Cooperative","none","natural","cscareerquestions","Just got laid off. Want to take a gap year. Is that advisable?","a5396b74c71a"
"Gap year might be luxury you can't afford right now tbh. Job market is brutal enough without explaining year-long break to employers who already think you're outdated if you took 3 months off     Better to apply while doing the skill building - at least then you're actively in market and can see what people actually want instead of guessing what will be relevant in 12 months","The job search is the gap year lol I applied for 6 months before landing something which I will start in July","Cooperative","none","natural","cscareerquestions","Just got laid off. Want to take a gap year. Is that advisable?","e9aed304c208"
"You can job search from Costa Rica, you just have to be ready to cut your vacation short if you get a job.","The job search is the gap year lol I applied for 6 months before landing something which I will start in July","Cooperative","none","natural","cscareerquestions","Just got laid off. Want to take a gap year. Is that advisable?","3e41a08a8ad6"
"In July!? By then they'll reorg and remove that position.","The job search is the gap year lol I applied for 6 months before landing something which I will start in July","Quality","flouting","natural","cscareerquestions","Just got laid off. Want to take a gap year. Is that advisable?","9fb6c51b3865"
"Start looking now. You’ll get your gap year.","You may have an unintentional gap year ahead.","Quality","flouting","natural","cscareerquestions","Just got laid off. Want to take a gap year. Is that advisable?","6dbeda387980"
"On my second one actually","You may have an unintentional gap year ahead.","Quantity","flouting","natural","cscareerquestions","Just got laid off. Want to take a gap year. Is that advisable?","7ebb9a0f01b5"
"Knowing my luck if i did this I'd just get hired immediately before the burnout wears off","You may have an unintentional gap year ahead.","Quality","flouting","natural","cscareerquestions","Just got laid off. Want to take a gap year. Is that advisable?","2786849cfccf"
"By which we mean the only place that will hire him is The Gap.","You may have an unintentional gap year ahead.","Manner","flouting","natural","cscareerquestions","Just got laid off. Want to take a gap year. Is that advisable?","fd5073d65e7a"
"I've considered spending a good bit of time in Japan and nearby countries. How would you recommend doing this?","Do you have money ?  I took about 6 weeks off to Asia, interviewed remotely and then flew back once I had a job lined up. Now I'm saving up again , going to Asia was easily one of the best things I've ever done.   If you're going to sit around doing nothing, pick a cheaper country than the US.","Relation","flouting","natural","cscareerquestions","Just got laid off. Want to take a gap year. Is that advisable?","8dc5aef394e1"
"Honestly, how do you deal with the clothing? Lugging more than one “suitcase” is a nightmare for me and I don’t think doing laundry is easy either… 👀","Do you have money ?  I took about 6 weeks off to Asia, interviewed remotely and then flew back once I had a job lined up. Now I'm saving up again , going to Asia was easily one of the best things I've ever done.   If you're going to sit around doing nothing, pick a cheaper country than the US.","Relation","flouting","natural","cscareerquestions","Just got laid off. Want to take a gap year. Is that advisable?","2cf3bbaf0baa"
"Come to Brazil","Do you have money ?  I took about 6 weeks off to Asia, interviewed remotely and then flew back once I had a job lined up. Now I'm saving up again , going to Asia was easily one of the best things I've ever done.   If you're going to sit around doing nothing, pick a cheaper country than the US.","Relation","flouting","natural","cscareerquestions","Just got laid off. Want to take a gap year. Is that advisable?","6968c5dbfc19"
"taking a gap year might not be as detrimental to your career as you think, especially if you use the time to learn new skills and stay up to date with industry developments. what's the minimum amount of time you think you'd need to dedicate to learning and self-improvement during that gap year to feel confident about getting back into the job market, fwiw?","You’re taking a gap year whether you want to or not right now","Cooperative","none","natural","cscareerquestions","Just got laid off. Want to take a gap year. Is that advisable?","935704080680"
"Everyone is doing this now and it is becoming wildly less effective than it used to be.","Start a company"" if you do. Better to go into interviews saying you explored the founder mindset than I needed a break","Quality","flouting","natural","cscareerquestions","Just got laid off. Want to take a gap year. Is that advisable?","60a998efeb25"
"When they verify your work history they’re going to ask for W2s or 1099s for your “company” so you better have made an LLC and found a way to make income at least on paper.","Start a company"" if you do. Better to go into interviews saying you explored the founder mindset than I needed a break","Cooperative","none","natural","cscareerquestions","Just got laid off. Want to take a gap year. Is that advisable?","1614c77114fb"
"It’s by far the number one reason recruiters throw away resumes","Yeah taking a year off is great - would never consider it a knock on someone's resume","Cooperative","none","natural","cscareerquestions","Just got laid off. Want to take a gap year. Is that advisable?","8b86db986299"
"i think OP is worried about both referrals and references to give employers.","Plenty of people get jobs without referrals","Cooperative","none","natural","cscareerquestions","Zero references / zero friends","ea8dccfefed3"
"Six months is rough but not career-ending at all. I switched jobs few times without having references from previous places - sometimes you just need to move on from toxic environments and that's totally normal thing to do.     Your experience in healthcare IT and insurance is actually valuable, especially if you can talk about specific projects or technologies you worked with during interviews.","Plenty of people get jobs without referrals","Cooperative","none","natural","cscareerquestions","Zero references / zero friends","5a485a9ada43"
"Cool. Howdya do it","I have 7 yoe and landed 3 different roles and 3 different companies. None of them were from references.","Quantity","flouting","natural","cscareerquestions","Zero references / zero friends","45b53c45022d"
"It is skewed, also considering the amount of application. Consultancy companies tend to call me back more as compared to traditional cs/swe roles.","Resume is not the issue if you make it to interviews","Cooperative","none","natural","cscareerquestions","Spring 2025 CS grad, ~12 months post-graduation with no full-time offer yet","bd04f74ee261"
"Candidly - if you believe your company hires smart people, and Claude is effectively 10x the resource Google + Stack Overflow were before the current state of things. Do you not think they would be able to figure it out?  I'm a career switcher from mechanical engineering, self-taught between starting in 2019, got my first full backend role and have been in senior/lead SWE roles for 3 years now. If I was starting to learn today rather than 2019, that ramp up period would have been much faster.","Are they going to be on the hook when stuff breaks too? Everything is simple until it isn't.","Cooperative","none","natural","cscareerquestions","PMs and Designers are pushing changes to the code. So far they're successful. Do you have that in your company?","7c66bd0fe4d3"
"Is it?","not seeing this at my place yet but the simple stuff they're probably doing with ai won't replace actual engineering - focus in system design and architecture since that's where real value is at.","Quantity","flouting","natural","cscareerquestions","PMs and Designers are pushing changes to the code. So far they're successful. Do you have that in your company?","64a8dfa843ff"
"Very true. Engineers expanding scope and being generalist is what I’ve been seeing works.","It was initially like this but it turned out engineers using AI to be PMs/designers is better across the board than PMs/designers being engineers.","Cooperative","none","natural","cscareerquestions","PMs and Designers are pushing changes to the code. So far they're successful. Do you have that in your company?","16de77ff4c30"
"We're discovering this too  However the uncomfortable truth is that you never needed as many PMs/Designers as engineers so it's still probably going to get ugly even at the orgs that figure this out.","It was initially like this but it turned out engineers using AI to be PMs/designers is better across the board than PMs/designers being engineers.","Cooperative","none","natural","cscareerquestions","PMs and Designers are pushing changes to the code. So far they're successful. Do you have that in your company?","673c26355b34"
"She’s the one he uses for sex while maintaining a sexless relationship with the one he really loves.","Currently you are the in between girl, he expects to keep coming back to her. Break it off early, you dont need this","Cooperative","none","natural","relationships","Boyfriend (32M) still has weekly “date night” with ex – am I (29F) overreacting?","bdc6e7ef9912"
"Early is key here. The early stages of dating are for determining compatibility. Which you do not have. It's unfair to dictate who someone sees, but it's reasonable to want to be on the same page regarding exes, all of it. He's straight up dating her, and it's very very valid to not want to deal with that","Currently you are the in between girl, he expects to keep coming back to her. Break it off early, you dont need this","Cooperative","none","natural","relationships","Boyfriend (32M) still has weekly “date night” with ex – am I (29F) overreacting?","151d61c1eaa8"
"Had a buddy in service who did similar thing with his ex and it never ended well for anyone involved. The autism/ADHD thing doesn't change that he's basically keeping his relationship with her exactly same as when they were dating     Maybe cut your losses here - 4 months isn't that deep yet and this pattern seems pretty established","This is really strange, and there’s absolutely no way I’d be putting up with this. It’s only been 4 months OP, you can do better than this.","Cooperative","none","natural","relationships","Boyfriend (32M) still has weekly “date night” with ex – am I (29F) overreacting?","66b2e7ab92e8"
"four months in and he’s got a weekly horror movie date with his ex lol absolutely not","This is really strange, and there’s absolutely no way I’d be putting up with this. It’s only been 4 months OP, you can do better than this.","Cooperative","none","natural","relationships","Boyfriend (32M) still has weekly “date night” with ex – am I (29F) overreacting?","42d2da153570"
"yeah reading the title alone I was like pshhh I’d be outie","If my girlfriend started seeing her ex and doing date nights with him, I'd be already packing her bags and telling her not to waste my time.   You're being made to look like a chump and a walkover.","Cooperative","none","natural","relationships","Boyfriend (32M) still has weekly “date night” with ex – am I (29F) overreacting?","112efa4e0ec5"
"I could handle a monthly meet up. During daylight hours. On a Tuesday or Wednesday, or possibly a Saturday mid-afternoon.  But weekly? On the biggest date night of the week?  I’m kind of wondering what gives OP the impression she’s his girlfriend. I think she’s not.","If my girlfriend started seeing her ex and doing date nights with him, I'd be already packing her bags and telling her not to waste my time.   You're being made to look like a chump and a walkover.","Manner","flouting","natural","relationships","Boyfriend (32M) still has weekly “date night” with ex – am I (29F) overreacting?","01afa996499b"
"“Go back to her *after* our relationship — not during it!”","Sounds like you’re the girl who’s in the break up period of their on and off relationship. I’d just remind him he said he’d change it and tell him you have no issue with them hanging out but would be more comfortable if it was in a group and less date like. I wonder how he’d feel if you had a date once a week with an ex.  Maybe the reason they keep getting back together is because their new partners don’t like their weekly dates and dump them.","Cooperative","none","natural","relationships","Boyfriend (32M) still has weekly “date night” with ex – am I (29F) overreacting?","efafd6977c9e"
"Not just any male friend. An ex. Who is totally gay!","Make a date on Friday with a male friend. See what happens.","Quality","flouting","natural","relationships","Boyfriend (32M) still has weekly “date night” with ex – am I (29F) overreacting?","0006c9557415"
"sounds like he wants a 1950s time machine, not a relationship","NTA. You need to run far away from this guy. He's displaying controlling behavior and the longer you stay the worse he will get. Even if he wasn't controlling you are very clearly not compatible.","Quality","flouting","natural","relationships","AITAH for refusing to follow my boyfriend’s “wife behavior” expectations?","0491e73c36d8"
"reminds me of that movie ""10 things i hate about you","NTA. You need to run far away from this guy. He's displaying controlling behavior and the longer you stay the worse he will get. Even if he wasn't controlling you are very clearly not compatible.","Relation","flouting","natural","relationships","AITAH for refusing to follow my boyfriend’s “wife behavior” expectations?","ffa48e482d93"
"I think this might be something from Trevor Noah’s book:  “The way my mother always explained it, the traditional man wants a woman to be subservient, but he never falls in love with subservient women. He’s attracted to independent women. ‘He’s like an exotic bird collector,’ she said. ‘He only wants a woman who is free because his dream is to put her in a cage.’”","There's a quote going around, can't remember from who. But the gist of it, is he doesn't want someone who's already submissive. He wants someone independent &amp; free (like you) to BREAK YOU DOWN so that he can feel good about himself. Just some food for thought.   Also, from too much experience. Do not ever give up dreams and jobs that you have worked hard for, for a guy. The right guy will never ask you to let go of parts of yourself like that. It's never worth it.","Cooperative","none","natural","relationships","AITAH for refusing to follow my boyfriend’s “wife behavior” expectations?","2e930bab5ad4"
"I was going to say this! Being a catholic he shouldn’t be having premarital sex like if u really wanna throw around religion as a reason lol pshh dump him girl he’s not worth it","So he grew up in a very tight Catholic upbringing but is okay with fucking before marriage but not masturbation?   Top lol","Cooperative","none","natural","relationships","Bf (26m) says he will leave me if I masterbate alone(25f)?","a3e1e868d993"
"I brought this point up to him as well lol. Said that it’s about intimacy together and masterbating is taking away from that","So he grew up in a very tight Catholic upbringing but is okay with fucking before marriage but not masturbation?   Top lol","Cooperative","none","natural","relationships","Bf (26m) says he will leave me if I masterbate alone(25f)?","3e9c677c3017"
"As someone who’s always been very sex positive, this was really great for me to read. I feel my mind has taken steps back in humanity from this stuff within my relationship. Thank you for wording it this way","No. We don't let men tell us we can't touch our own goddamn bodies. It's 2026 for fucks sake","Cooperative","none","natural","relationships","Bf (26m) says he will leave me if I masterbate alone(25f)?","0b25234e5625"
"Because he threatened to leave her — basically using a “threat of scarcity” marketing play to make her think he’s worth keeping.","Then let him leave. Why would you tolerate this for 1 second?","Manner","flouting","natural","relationships","Bf (26m) says he will leave me if I masterbate alone(25f)?","41746415082f"
"Yeah we have been having some issues lately that’s making me feel as if that last part you said is something coming in the near future. This was the smallest part of the entire fight but I’m too lazy to type it all out. Thanks for this reply","OP, I have known several men who felt this way. They were also very religious, very conservative, EXTREMELY controlling and...I'm sure this comes as no surprise, very abusive (in a myriad of ways).  I'd leave if I were you. This isn't healthy.","Cooperative","none","natural","relationships","Bf (26m) says he will leave me if I masterbate alone(25f)?","2abeed5827bc"
"This is what I’d like in a relationship too. The thought of your partner doing so should be attractive and make you want each other more. I usually fantasize about him doing so when I’m in the mood.  Thanks for this pov it helped me a lot.","My boyfriend was raised Catholic, but I guarantee you that if I told him I was masturbating, he would get off knowing that. He is 100% about my pleasure all the time. Any other view is just wild to me. And it goes for both sides of the fence. I love knowing that he jerks off thinking about me. It does not detract from our sex life, it adds to it. Tell this guy to take a hike.","Cooperative","none","natural","relationships","Bf (26m) says he will leave me if I masterbate alone(25f)?","635d92ff5b01"
"Yep! But it is illuminating to have such a large audience say it is fine. We're all different at the end of the day.","1.5 and 3 months is nothing. Sounds like he went on the prowl as soon as it happened. Everyone here is just trying to feel like they’re smart or clever. I am very sorry. I’m sure it throws a completely different filter on what you perceived your parents relationship to be.","Cooperative","none","natural","relationships","Today is the 3 month anniversary of my mom's (60F) death and my dad (55M) is in a hotel with another woman","490f9e89a069"
"Three months is not long enough to grieve anything. “Grow up” is what my mom told me a week after my brother died.     Do better man","Honest and blunt opinion: grow up. Dad is too old to wait x amount of time for you to feel comfortable for him to date.  Be happy that your father’s life can continue on as normal as possible. We all handle death or stress differently.  Let him enjoy the rest of his life how he wants.   Sorry for your loss.","Quality","flouting","natural","relationships","Today is the 3 month anniversary of my mom's (60F) death and my dad (55M) is in a hotel with another woman","e465bc83f80f"
"OP seems to really be glossing over how difficult it would be to lose your wife very suddenly, especially after a long marriage, with no friends, and with kids that maybe don't call that often. It's not strange at all that he would seek out companionship and comfort. I love my husband and daughter with my whole heart and if I was gone I would not want him to be alone, the thought of him being lonely out of a sense of obligation is heartbreaking to me.","Honest and blunt opinion: grow up. Dad is too old to wait x amount of time for you to feel comfortable for him to date.  Be happy that your father’s life can continue on as normal as possible. We all handle death or stress differently.  Let him enjoy the rest of his life how he wants.   Sorry for your loss.","Cooperative","none","natural","relationships","Today is the 3 month anniversary of my mom's (60F) death and my dad (55M) is in a hotel with another woman","ca73a0ff3d4e"
"Right. Simple as that. I don’t understand how some people allow irrelevant things to affect their lives negatively. Grow a pair of balls and learn to cut people off and move on.","I mean, you don’t have to go to the wedding. Your husband can’t force you to go. So, don’t go.","Cooperative","none","natural","relationships","My husband's friend is marrying a racist woman and I am ready to lose my shit","d0df67c40db9"
"sounds like your husband is in a tough spot with his friend","I mean, you don’t have to go to the wedding. Your husband can’t force you to go. So, don’t go.","Quantity","flouting","natural","relationships","My husband's friend is marrying a racist woman and I am ready to lose my shit","c95df510903b"
"This is it. Its nice that he doesnt identify with maga but it is easy to say things. Its harder to stand by them when the decisions affect you directly. Husband is what I think is called a liberal. Progressive minded but opportunistic. Which ultimately has no effect on the Overton window even in their own life because its uncomfortable to call people out.   It's disappointing. OP, you're NTA and I imagine this sucks. I wouldn't attend either.","Husband isn’t as “anti” as he thinks. It’s very easy to talk about a stance and much more difficult to back it up with action.   He thinks you’re overreacting because his “beliefs” have met that uncomfortable juncture of being translated into action. So now you know, he’s a talker…makes him feel like he’s a good person to have the stance…to have his “beliefs”, as long as he doesn’t have to *do* anything about them.","Cooperative","none","natural","relationships","My husband's friend is marrying a racist woman and I am ready to lose my shit","854049086eac"
"Gigantic leap to assume that OP‘s husband is also racist just because he doesn’t say anything. Maybe he’s non-confrontational? Maybe he doesn’t want to ruin a lifelong friendship over it, and maybe he would ruin friendships with all of his mutual friends as well. Sometimes it’s best to just shut up and keep your head down, even though Reddit warriors don’t think that’s realistic.","A man marrying a woman that racist is also racist, he just has enough social graces to not say it out loud.  Your husband is also racist and has enough social graces to not say it out loud because his friend being racist is not a deal breaker or a concern.","Cooperative","none","natural","relationships","My husband's friend is marrying a racist woman and I am ready to lose my shit","abef4a440858"
"Tell her to get an abortion","Your mom has been using you as a second parent for a long time. I’m sorry. That wasn’t fair to you. Your mom is pregnant now. She’s 42. She needs to be an adult.   NTA.","Cooperative","none","natural","AmItheAsshole","AITA for refusing to help my mom after she got pregnant.","6d2bd9963aee"
"She can get the random dude to provide the support she needs.","Your mom has been using you as a second parent for a long time. I’m sorry. That wasn’t fair to you. Your mom is pregnant now. She’s 42. She needs to be an adult.   NTA.","Cooperative","none","natural","AmItheAsshole","AITA for refusing to help my mom after she got pregnant.","f61b0c808382"
"This is called ""parentification"" and is literally considered child abuse. Get out and live your life and let your mom deal with the consequences of her bad choices. NTA","Your mom has been using you as a second parent for a long time. I’m sorry. That wasn’t fair to you. Your mom is pregnant now. She’s 42. She needs to be an adult.   NTA.","Cooperative","none","natural","AmItheAsshole","AITA for refusing to help my mom after she got pregnant.","4df4634dc9fc"
"I would upvote this comment ten thousand times if I could!!!","Nta but you need to stop setting yourself on fire to keep them warm. Move out. Get therapy. You can still help your siblings without being their parent. Your next sibling is 24/25 which is plenty old enough to have graduated college and also pitch in. So why are you expected to do what they aren’t? Why are you expected to do more than your own mother?","Quality","flouting","natural","AmItheAsshole","AITA for refusing to help my mom after she got pregnant.","65fab955801b"
"Exactly! OP - you need to look to your own future, your own retirement and potential family. Your mom choose to have seven children (six plus the one coming), she needs to work out how to manage.   Children in their teens and 20’s should not be supporting their parents (there is a distinction between covering their own expenses while living at home and paying for the home, it sounds like you are doing the second one).","Nta but you need to stop setting yourself on fire to keep them warm. Move out. Get therapy. You can still help your siblings without being their parent. Your next sibling is 24/25 which is plenty old enough to have graduated college and also pitch in. So why are you expected to do what they aren’t? Why are you expected to do more than your own mother?","Cooperative","none","natural","AmItheAsshole","AITA for refusing to help my mom after she got pregnant.","ce19baaaace4"
"Damn straight","I think this is responsibility of the random dude. Tell your mother and your sister they need to speak to him for support, not you.  Forgot - definitely NTA","Cooperative","none","natural","AmItheAsshole","AITA for refusing to help my mom after she got pregnant.","2e45cf040a68"
"And Steve can support the younger 2.","I think this is responsibility of the random dude. Tell your mother and your sister they need to speak to him for support, not you.  Forgot - definitely NTA","Cooperative","none","natural","AmItheAsshole","AITA for refusing to help my mom after she got pregnant.","7d18f1404157"
"Actually, she needs to get out of bed and take care of the kids she already has.","Parentifying children is abuse. I know it feels awful (been there) but you don't owe your mom shit. You've helped raise 5 of her kids for her AS A CHILD &amp; YOUNG ADULT and subsidized her life at the expense of your own.  And now that there's 4 years left on the financial gravy train clock she gets pregnant again? Has she heard of condoms?  NTA you aren't abandoning anyone. Your mother needs to lay in the bed she's made.","Cooperative","none","natural","AmItheAsshole","AITA for refusing to help my mom after she got pregnant.","a6daf93be7f7"
"That was my first thought too, she did it on purpose.","NTA. Honestly I wouldn't be surprised if she got pregnant on purpose just to force you to stay there forever.","Cooperative","none","natural","AmItheAsshole","AITA for refusing to help my mom after she got pregnant.","8a465635bbba"
"Yep, full agreement. OP needs to look her mom in the eye and say “YOU’RE the mom. YOU’RE *MY* mom. I don’t carry you, you were supposed to support me.”    That’s not selfish. This woman has made her living being a baby factory on OP’s dime at this point.","They say she needs your support and thats what family does. . . But what support does your mom offer you? You go live your life guilt free. You owe her nothing. You've done not only more than youre required to, you've done more than anyone would have.   When you move out, do.not keep helping her with her bills. Her new baby daddy can do that. It is not your problem.","Cooperative","none","natural","AmItheAsshole","AITA for refusing to help my mom after she got pregnant.","03f53b53e8a1"
"My first thought was, 'she should get an abortion.' I'm sure some people won't like that, but it's better for that eventual baby to not be neglected by a completely unfit mom &amp; 'random guy' dad.","Also, I’m not sure where you live, but if you do talk to your mom, I’d encourage her to consider termination.","Cooperative","none","natural","AmItheAsshole","AITA for refusing to help my mom after she got pregnant.","b163c3116b96"
"I honestly thought I meant more to her than this.","If a necklace is all you're worth to her, it doesn't sound like you'll be missing much","Quality","flouting","natural","AmItheAsshole","Update: AITA for ""Holding my Grandmothers Pearls Hostage"" if my partner can't go to my Sisters wedding?","895aff884459"
"Thank you so much!","Congratulations on the engagement. May the two of you have a long, happy, and loving marriage surrounded by people who care for and support you.","Cooperative","none","natural","AmItheAsshole","Update: AITA for ""Holding my Grandmothers Pearls Hostage"" if my partner can't go to my Sisters wedding?","4ee546a3b36d"
"I think you and my friend would get along. However no, I don't want to make my choice of date just out of spite towards her while it's funny to imagine.","NTA. Congrats  to you both.  Have your wedding the day before hers.","Cooperative","none","natural","AmItheAsshole","Update: AITA for ""Holding my Grandmothers Pearls Hostage"" if my partner can't go to my Sisters wedding?","3c8917e9ca5d"
"Oh if she apologises down the line and means it i'll welcome her back into my life, she's still my little sister. But I will trust her far less even then.","Don't crack even when she does apologize eventually. Protect your family","Cooperative","none","natural","AmItheAsshole","Update: AITA for ""Holding my Grandmothers Pearls Hostage"" if my partner can't go to my Sisters wedding?","ef5a4119cd9b"
"All that matters to us is we end the day married, we don't need a huge over the top thing. If his parents hadn't offered their garden we were planning on going to the registry office and just taking our friends and his family out for a meal after to celebrate.","Congrats! May your marriage be a long and happy one.  &gt;We're using money we might have spent on a huge wedding as a deposit for a house instead   Good on you! It kills me when I see people spending tens of thousands on a wedding then complaining they'll never afford a house.","Cooperative","none","natural","AmItheAsshole","Update: AITA for ""Holding my Grandmothers Pearls Hostage"" if my partner can't go to my Sisters wedding?","a0f0431cb6ee"
"especially as once we own we can make renovations to make the house comfortable for both of us. Normal rental properties are just not made with his stature in mind.","Congratulations, and the house is honestly going to be so much more important in the long term than a giant wedding.","Cooperative","none","natural","AmItheAsshole","Update: AITA for ""Holding my Grandmothers Pearls Hostage"" if my partner can't go to my Sisters wedding?","ccb09afe747c"
"I'm guessing that they are Baptists.🤷‍♀️","You handled it perfectly. You then can respond Matthew 6:6, ""But when you pray, go into your room, close the door and pray to your Father, who is unseen. Then your Father, who sees what is done in secret, will reward you"".  No offense but their actions sound performative.","Cooperative","none","natural","AmItheAsshole","AITA for refusing to join my friends’ prayer circle","889f54e9cc69"
"It will only be a matter of time before they start doing things without OP, if they're not doing so already.","NTA, but maybe find new friends. They won't stop pushing the issue and will only get louder about how they feel offended.","Cooperative","none","natural","AmItheAsshole","AITA for refusing to join my friends’ prayer circle","eb840811b9ca"
"I have been to several AA meetings and people hugged at the end. I'm not a hugger, especially because i have big boobs!  I just put my hands up and shake my head no. If people want to judge me, that's a them problem.","Proselytizing is a big part of some religions. They've got you in their sights, either very intentionally or subconsciously working on converting you. If they genuinely believe in their religion, then they think they're doing you a favor by working on altering your behavior and belief system. They believe you're doomed to burn in hell eternally if you don't,  ya know?","Quantity","flouting","natural","AmItheAsshole","AITA for refusing to join my friends’ prayer circle","8494ee5f2479"
"I am a Christian and you are correct! We are to set examples &amp; speak of God, not judge.","You handled it correctly. If they are your friends they should accept you as you are. Religious people are supposed to accept people as they are right? Mention that and see what they say.","Cooperative","none","natural","AmItheAsshole","AITA for refusing to join my friends’ prayer circle","59b4c486ef9c"
"Someone also had better have offered to prorate *the shit* out of OP’s last month of rent.","NTA, you had already agreed to move out earlier than you wanted, and then they demanded even more from you.   You pay rent, you have a right to be there until you move out.   They knew your timeline and it's on them for not planning for it.","Quality","flouting","natural","AmItheAsshole","AITA for refusing to leave my room early for the new roommate?","28e89638231c"
"They can't stick to the plan and just assumed OP will accommodate them. It's frankly insulting that they didn't consult with her and just told her that the new girl is coming. They were hoping OP will move out sooner by trying to force her out.  OP you're not selfish. They only brought the inconvenience upon themselves.","NTA, you had already agreed to move out earlier than you wanted, and then they demanded even more from you.   You pay rent, you have a right to be there until you move out.   They knew your timeline and it's on them for not planning for it.","Cooperative","none","natural","AmItheAsshole","AITA for refusing to leave my room early for the new roommate?","136656ba7e50"
"Literally, you are already doing them a favor by moving out ahead of time, then they try and pull a fast one on you, and your expected to just do what they say, what cause “we are supposed to look out for each other”. She thinks that she’s inconvenienced? How is that your problem when you stuck to what you said you would do. They need to quit their bitching and moaning and stop blaming you.","NTA, you had already agreed to move out earlier than you wanted, and then they demanded even more from you.   You pay rent, you have a right to be there until you move out.   They knew your timeline and it's on them for not planning for it.","Cooperative","none","natural","AmItheAsshole","AITA for refusing to leave my room early for the new roommate?","0d13254f7897"
"exactly and how are they looking out for you OP???","We all have to look out for each other""  yet you weren't consulted about ANY of these changes. You were expected to be willfully inconvenienced while they went on their merry way. You did the right thing. She can continue sleeping on the couch","Quantity","flouting","natural","AmItheAsshole","AITA for refusing to leave my room early for the new roommate?","90005fed4f3e"
"Thank you for calling this out I thought I was going mad for wondering why, in April, the friend was coming down in June being an issue already","[You have GOT to be kidding me - you posted this TWO YEARS ago and are still harping on it?](https://www.reddit.com/r/AmItheAsshole/comments/1959agr/aita_for_not_moving_out_of_my_room_early_for_the/)","Cooperative","none","natural","AmItheAsshole","AITA for refusing to leave my room early for the new roommate?","4c1105364f5d"
"This is the answer","[You have GOT to be kidding me - you posted this TWO YEARS ago and are still harping on it?](https://www.reddit.com/r/AmItheAsshole/comments/1959agr/aita_for_not_moving_out_of_my_room_early_for_the/)","Quantity","flouting","natural","AmItheAsshole","AITA for refusing to leave my room early for the new roommate?","e03c17c31248"
"Exactly!! I don't get the issue. She's out now and everything is past history.","It's April....? Did this happen last year, and if so why are you still dwelling on it?","Cooperative","none","natural","AmItheAsshole","AITA for refusing to leave my room early for the new roommate?","9c12c233d03b"
"Op literally posted this two years ago and is still mad.","NTA. You inconvenienced the new girl? How about them inconveniencing you by wanting you to move out earlier? I'm assuming you already paid your rent for where you were. I didn't hear anyone wanting to reimburse you for that. And I figure theres a good reason why you chose to move out and live somewhere else. Don't sweat it, keep your room  until moving day.","Cooperative","none","natural","AmItheAsshole","AITA for refusing to leave my room early for the new roommate?","f436e0905ec5"
"This. The audacity of him making you feel bad when he totally ignored you in making decisions. Then assumed you're going to pay for everything.   Just plan your own trip. You deserve to enjoy it without all this baggage.","Save the Disney cards that your mother gave you, tell him you don't want to go with a group and let him go by himself. Perhaps that way he won't plan another trip without consulting you on it. Doesn't sound like he has much respect for you at all.","Cooperative","none","natural","AmItheAsshole","AITA my boyfriend planned a Disney trip…","284f02bfd8f3"
"OP is NTA   Totally agree - OP should let her boyfriend go, without her Disney gift cards, with his ""group"",  and plan her own trip to Disney another time.   BF may or may not be invited.","Save the Disney cards that your mother gave you, tell him you don't want to go with a group and let him go by himself. Perhaps that way he won't plan another trip without consulting you on it. Doesn't sound like he has much respect for you at all.","Cooperative","none","natural","AmItheAsshole","AITA my boyfriend planned a Disney trip…","bf522ed30bbd"
"Lock the cards up","Save the Disney cards that your mother gave you, tell him you don't want to go with a group and let him go by himself. Perhaps that way he won't plan another trip without consulting you on it. Doesn't sound like he has much respect for you at all.","Cooperative","none","natural","AmItheAsshole","AITA my boyfriend planned a Disney trip…","e6b2e4fc63fe"
"And when he comes back, make him jump up and down before coming in the door - to shake off the roaches.","Save the Disney cards that your mother gave you, tell him you don't want to go with a group and let him go by himself. Perhaps that way he won't plan another trip without consulting you on it. Doesn't sound like he has much respect for you at all.","Quality","flouting","natural","AmItheAsshole","AITA my boyfriend planned a Disney trip…","7faf8c3fdc1f"
"Nah you’re right , you’re all right.","Why on this earth would you allow someone else to decide how you spend a gift your mother got for YOU to celebrate YOUR achievement? NTA but come on.","Cooperative","none","natural","AmItheAsshole","AITA my boyfriend planned a Disney trip…","6920ba367228"
"Your BF is an entitled AH. Everyone is telling you this. Cancel and go with your mom or someone who isn’t going to make this trip a stressful disaster.","It’s funny cause he was actually begging me to pay half he was mad that I said no…reiterated that he wants me to clarify the reason I’m saying “no” is because I didn’t agree to this trip…the more I think about it the more I have the ick and all the resentment everyone is speaking on.","Cooperative","none","natural","AmItheAsshole","AITA my boyfriend planned a Disney trip…","62f9b6c8bbe7"
"It sounds like he wanted to join in on a trip that was already in the planning and thought “oh cool, and we can use OP’s gift cards!” Who are the others in the group? Are they friends of yours, or mainly his?","It’s funny cause he was actually begging me to pay half he was mad that I said no…reiterated that he wants me to clarify the reason I’m saying “no” is because I didn’t agree to this trip…the more I think about it the more I have the ick and all the resentment everyone is speaking on.","Cooperative","none","natural","AmItheAsshole","AITA my boyfriend planned a Disney trip…","7788e849141a"
"You have a boyfriend who either doesn't listen to you or doesn't care what you do and don't want. Think carefully about continuing this relationship. Have you heard the Maya Angelou quote ""when people show you who they are, believe them the first time?"" He is showing you who he is.","It’s funny cause he was actually begging me to pay half he was mad that I said no…reiterated that he wants me to clarify the reason I’m saying “no” is because I didn’t agree to this trip…the more I think about it the more I have the ick and all the resentment everyone is speaking on.","Cooperative","none","natural","AmItheAsshole","AITA my boyfriend planned a Disney trip…","fb1153a11b50"
"Honestly, you’re rigght! I’m very butthurt. I’m a planner and I love to plan things so that things run smoothly and were comfortable. I like to to know things are covered and we don’t have to stress about anything in between. He’s making decisions that I would never agree with and then getting butt hurt that I’m not agreeing very frustrating.","NTA. You should consider this relationship and whether he cares about your feelings and opinions, not to mention comfort, even about what you own,cwhat is yours. He is railroading this down your throat and doesn't seem to care about it except when you fail to comply. Think about it.","Cooperative","none","natural","AmItheAsshole","AITA my boyfriend planned a Disney trip…","ca560a232a29"
"...with him.","Don't go.","Manner","flouting","natural","AmItheAsshole","AITA my boyfriend planned a Disney trip…","6d871441c0f4"
"People like doing what they like"" is a great take","Because having to go to work feels bad, and getting up early to do whatever you'd like with your day feels great!","Cooperative","none","natural","explainlikeimfive","ELI5 go to bed at 10pm wake up for work at 6am feel like dogshit, go to bed at 10 no work wake up at 5:30 feel amazing ?","972f4b32c332"
"So basically I should gaslight myself to believe I have the day off the next day everyday","Go to sleep stressing about work the next day = poor quality sleep.   Go to sleep knowing tomorrow is a day off = better quality sleep  7.5 hours of good quality sleep + waking up without needing to rush around to get ready for a work day will make you feel much better than 8 hours of lower quality sleep + waking up to a busy morning.","Quality","flouting","natural","explainlikeimfive","ELI5 go to bed at 10pm wake up for work at 6am feel like dogshit, go to bed at 10 no work wake up at 5:30 feel amazing ?","5e38612d48ea"
"I’d love to but I’d go to jail If I didn’t show up","Find work you will actually enjoy. That solves your problem","Quality","flouting","natural","explainlikeimfive","ELI5 go to bed at 10pm wake up for work at 6am feel like dogshit, go to bed at 10 no work wake up at 5:30 feel amazing ?","6541e7d0f345"
"Yeah there's a little piece of strategicly placed velcro. Not sure where exactly. I tried the same thing with a full face respirator and it kinda worked.","Don't they have a little scratch pad in their helmet to scratch the nose?","Cooperative","none","natural","explainlikeimfive","Eli5 How do astronauts respond to minor discomforts like itching when in a spacesuit?","e1318ab9409b"
"The only trouble is putting it back in","you can take your arm out the space suit sleeve and itch yourself if the suit is big enough","Quantity","flouting","natural","explainlikeimfive","Eli5 How do astronauts respond to minor discomforts like itching when in a spacesuit?","3cf24ed199dc"
"Yes... Into the helmet...","Think of a space suit as less of a clingy garment, and more of a little personal spaceship. You can easily slide your arm out of your sleeve and reach up into your helmet to scratch.","Manner","flouting","natural","explainlikeimfive","Eli5 How do astronauts respond to minor discomforts like itching when in a spacesuit?","2802af4a6342"
"Yeah, I'm a big strong boy and I never fucking itch. If those scientists and pilots and surgeons leaving the safety of our planet in a glorified tin can to advance our understanding of the universe feel like they need a scratch, they're fucking pussies.","They ignore it until the job is done instead of being a little bitch.","Quality","flouting","natural","explainlikeimfive","Eli5 How do astronauts respond to minor discomforts like itching when in a spacesuit?","ded903c3847b"
"Yeah I'd assume that astronauts are somewhat more disciplined than the general public, with much better impulse control.   It's just an itch, it will pass. No biggie.","They ignore it until the job is done instead of being a little bitch.","Cooperative","none","natural","explainlikeimfive","Eli5 How do astronauts respond to minor discomforts like itching when in a spacesuit?","d68f1d67922c"
"Fluid in your tissues is more evenly distributed in microgravity. On Earth it tends to collect in your lower body especially if you have health issues or don't move around enough.  edit: Just adding on here, not trying to be contrarian.","heard without gravity, all the blood doesn't flow to their bottom half of the body but mostly to their head. some even have their heart smaller after 7 days in the space.","Cooperative","none","natural","explainlikeimfive","Eli5 How do astronauts respond to minor discomforts like itching when in a spacesuit?","6195f35926b0"
"They still have a beating heart that pumps blood around. On Earth your heart will pump it around your entire body, not just the bottom half if that's what you're implying.","heard without gravity, all the blood doesn't flow to their bottom half of the body but mostly to their head. some even have their heart smaller after 7 days in the space.","Quality","violating","natural","explainlikeimfive","Eli5 How do astronauts respond to minor discomforts like itching when in a spacesuit?","10990ad286de"
"Aha! So if I have tons of incriminating evidence in my computer, I can delete it and then download my entire Steam collection (more gigs than my computer has) and they wouldn't be able to recover the evidence?    Edit: the consensus seems to be, kinda, maybe, but definitely NOT yes  I will therefore refrain from law breaking","the memory space gets assigned as 'available'. The program still exists until it has been rewritten in memory space. That is why the police can recreate stuff deleted.","Quality","flouting","natural","explainlikeimfive","ELI5 When a software program is ""deleted"" from a hard drive, what actually happens to the physical space it was taking up?","5dfff42530e2"
"that’s why you should zero-out your drives when disposing of them.","the memory space gets assigned as 'available'. The program still exists until it has been rewritten in memory space. That is why the police can recreate stuff deleted.","Cooperative","none","natural","explainlikeimfive","ELI5 When a software program is ""deleted"" from a hard drive, what actually happens to the physical space it was taking up?","414dfcfbca38"
"This is the true ELI5 answer. The data isn't really deleted, the marker that points to the data is erased so your computer no longer knows how to find it.","Imagine owning a massive warehouse where you have a book telling you everything in it. In general when you decide you don’t want something you erase it out of the book, but leave it on the shelf as doing something with it costs energy and time.  So when you get something new you look in the book, find a blank location, go there, and replace what is on the shelf with the new item and then dispose of the old one.","Cooperative","none","natural","explainlikeimfive","ELI5 When a software program is ""deleted"" from a hard drive, what actually happens to the physical space it was taking up?","13879791da2b"
"&gt;Don’t discount natural talent.  But don't overvalue it, either. A lot of times ""natural talent"" really means ""is more willing to spend hours in practice/study than their peers"".","Obsession, supportive parents, natural talent. Don’t discount natural talent. We don’t understand the human brain. Some people are naturally very good at certain things.   Would they still be good at it if they weren’t exposed to it at a young age? Maybe not, but they’d probably be very good at something else.","Cooperative","none","natural","explainlikeimfive","ELI5: How do kids become prodigies?","76a8b6b1f1ff"
"Don't discount abusive parents forcing their children to do something either.","Obsession, supportive parents, natural talent. Don’t discount natural talent. We don’t understand the human brain. Some people are naturally very good at certain things.   Would they still be good at it if they weren’t exposed to it at a young age? Maybe not, but they’d probably be very good at something else.","Cooperative","none","natural","explainlikeimfive","ELI5: How do kids become prodigies?","896d2cb0ecbb"
"Ime it’s not always wealth so much as dedication. Parents giving of their own time to make the child’s dream a reality. This is what parenting is by definition to some, but to many it is not.","They have a natural aptitude for a particular skill, the interest in pursuing training to cultivate that skill, and parents wealthy enough to help them access that training.","Cooperative","none","natural","explainlikeimfive","ELI5: How do kids become prodigies?","86f9039acac9"
"Thomas Edison also hired thugs to beat the crap out of his competitors.","Thomas Edison said that ""Genius is 1% inspiration and 99% perspiration","Relation","flouting","natural","explainlikeimfive","ELI5: How do kids become prodigies?","8d4ef82b1daa"
"Inborn talent was what made Judit a legend in comparison to the others","A great example that maybe undermines the belief that all prodigious talent is inborn would be the Polgar sisters in chess.","Quality","violating","natural","explainlikeimfive","ELI5: How do kids become prodigies?","b92c0a516b82"
"Adding to this: the generic name is actually semi-formulaic. It will tell you the general type of medication, the target of the medication, and what’s its use is.","The “generic” name is the actual name (or sometimes a shortened version) of the chemical compound that makes up the medication.   The brand name is a marketing name invented by the pharmaceutical company that patented it that’s easier to say/remember.","Cooperative","none","natural","explainlikeimfive","ELI5 Why or how do medicines have two names? How do they pick the ""generic"" name?","d36154e80a41"
"Those are made up too though, although they do try to follow a few rules.","The “generic” name is the actual name (or sometimes a shortened version) of the chemical compound that makes up the medication.   The brand name is a marketing name invented by the pharmaceutical company that patented it that’s easier to say/remember.","Cooperative","none","natural","explainlikeimfive","ELI5 Why or how do medicines have two names? How do they pick the ""generic"" name?","f087fec7ea2f"
"The pharmaceutical company coins a unique name and applies for a trademark for their patented drug. Source: I was a juror in a trademark infringement case where Pfizer was the defendant.","The “generic” name is the actual name (or sometimes a shortened version) of the chemical compound that makes up the medication.   The brand name is a marketing name invented by the pharmaceutical company that patented it that’s easier to say/remember.","Cooperative","none","natural","explainlikeimfive","ELI5 Why or how do medicines have two names? How do they pick the ""generic"" name?","2a4ab41b44ad"
"Ask your doctor is Diaceytlmorphine is right for you.  Remember, always insist on Heroin from Bayer, they're the Heroin people...","The “generic” name is the actual name (or sometimes a shortened version) of the chemical compound that makes up the medication.   The brand name is a marketing name invented by the pharmaceutical company that patented it that’s easier to say/remember.","Quality","flouting","natural","explainlikeimfive","ELI5 Why or how do medicines have two names? How do they pick the ""generic"" name?","42f088e5deb1"
"Completely incorrect. The chemical name is a different name entirely, and described the chemical matter.   The generic name is decided by usan and the inn in the who with some input from the pharma company. But they follow conventions for classes of drugs.   https://www.goodrx.com/drugs/medication-basics/how-are-drugs-named","The “generic” name is the actual name (or sometimes a shortened version) of the chemical compound that makes up the medication.   The brand name is a marketing name invented by the pharmaceutical company that patented it that’s easier to say/remember.","Cooperative","none","natural","explainlikeimfive","ELI5 Why or how do medicines have two names? How do they pick the ""generic"" name?","65d7ce3dec15"
"mostly yeah, but then there are some cases where the chemical compound itself has two names (for example acetaminophen/paracetamol)…","The “generic” name is the actual name (or sometimes a shortened version) of the chemical compound that makes up the medication.   The brand name is a marketing name invented by the pharmaceutical company that patented it that’s easier to say/remember.","Cooperative","none","natural","explainlikeimfive","ELI5 Why or how do medicines have two names? How do they pick the ""generic"" name?","ab3baaa190bf"
"The internal names can be super silly, I worked for an instrument manufacturer and we had a product that *link*ed two instruments together... internal codename was Zelda","The “generic” name is the actual name (or sometimes a shortened version) of the chemical compound that makes up the medication.   The brand name is a marketing name invented by the pharmaceutical company that patented it that’s easier to say/remember.","Cooperative","none","natural","explainlikeimfive","ELI5 Why or how do medicines have two names? How do they pick the ""generic"" name?","a25e14c4af8f"
"Good example of a generic name being a shortened chemical compound name is dexamphetamine. The chemical compound is DEXtro-Alpha-Methyl-PHenyl-EThyl-AMINE, combine all the capital letters and you get DEXAMPHETAMINE. Brand names of this is things like Dexedrine or Adderall* (* Adderral is combination of dexamphetamine and other amphetamine salts)","The “generic” name is the actual name (or sometimes a shortened version) of the chemical compound that makes up the medication.   The brand name is a marketing name invented by the pharmaceutical company that patented it that’s easier to say/remember.","Cooperative","none","natural","explainlikeimfive","ELI5 Why or how do medicines have two names? How do they pick the ""generic"" name?","8a7c995755ec"
"I will never in a million years understand why they chose ""Skyrizi""  I will never take that seriously","The “generic” name is the actual name (or sometimes a shortened version) of the chemical compound that makes up the medication.   The brand name is a marketing name invented by the pharmaceutical company that patented it that’s easier to say/remember.","Quality","flouting","natural","explainlikeimfive","ELI5 Why or how do medicines have two names? How do they pick the ""generic"" name?","8067a4fb69ef"
"fukitol®, for when life gets too much.","The “generic” name is the actual name (or sometimes a shortened version) of the chemical compound that makes up the medication.   The brand name is a marketing name invented by the pharmaceutical company that patented it that’s easier to say/remember.","Quality","flouting","natural","explainlikeimfive","ELI5 Why or how do medicines have two names? How do they pick the ""generic"" name?","926b85bca853"
"I always wonder what sitting in on those meetings where they decide the brand name would be like.     ""What about Volverica?""    ""Nahh, too proto-dynamic... How about Vorverica?""    ""....shit, that's good.","The generic name is for things like science and research where as the brand name is tied to things like marketing and branding.","Manner","flouting","natural","explainlikeimfive","ELI5 Why or how do medicines have two names? How do they pick the ""generic"" name?","7b73ab0249cb"
"Except in the weird case of acetaminophen and paracetamol.","Generic names follow the rules of the [international nonproprietary name](https://en.wikipedia.org/wiki/International_nonproprietary_name) system created by the WHO. They are created from a system of stems and affixes according to the drug's use and chemical properties, e.g. the suffix ""-caine"" is used for local anaesthetics and ""-vir"" is used for antivirals.","Cooperative","none","natural","explainlikeimfive","ELI5 Why or how do medicines have two names? How do they pick the ""generic"" name?","1f6201cf1e48"
"Tylenol is the household name, but I’d say 99% of people say ibuprofen instead of Advil.","Same thing as with Kleenex and tissue. The generic name is tissue, but many people say Kleenex because it’s become so common. Most people don’t ask for acetaminophen or ibuprofen. They ask for Tylenol or Advil, even though they don’t really care about the brand","Cooperative","none","natural","explainlikeimfive","ELI5 Why or how do medicines have two names? How do they pick the ""generic"" name?","fc27038bc5be"
"Which browsers save autofill passwords in plaintext?","Auto fill is less safe because it means your password is saved in plain text somewhere on your computer and labelled as being for the site  An actual password manager would encrypt them","Relation","flouting","natural","explainlikeimfive","ELI5: What is the I/O differnces between passing a password via keyboard vs autofill or password manager?","461701de278e"
"A password manager saves password encrypted, sure it's temporary decrypted in memory in order autofill on the form, but if you manually type a password into field that's also true.","Auto fill is less safe because it means your password is saved in plain text somewhere on your computer and labelled as being for the site  An actual password manager would encrypt them","Cooperative","none","natural","explainlikeimfive","ELI5: What is the I/O differnces between passing a password via keyboard vs autofill or password manager?","aec5e7c45648"
"Although there also tricks for encouraging stuff to ripen faster. Like the bananas I got last week were completely green so I put them on top of the apples in the hanging fruit basket, 4 days later and they perfect today I have NEVER had that fail to ripen a banana.  Apples produce ethylene gas which stimulates ripening in a wide variety of produce.","They ripen more slowly so off the plant they may rot before they have a chance to ripen, but if you have a properly mature green pepper it may change color if you leave it in the sun in a windowsill for two weeks.","Relation","flouting","natural","explainlikeimfive","ELI5: If you buy a green bell pepper, why do you not see it ripen and change color in the way that a green banana would?","ba047a3f07be"
"Climacteric vs Non-Climacteric plants.  Minuteearth explains&gt; [https://www.youtube.com/watch?v=ttCd60Qko5A](https://www.youtube.com/watch?v=ttCd60Qko5A)","Not all fruits and vegetables ripen after being harvested. bell peppers will finish a colour transition if the conditions are right, but they won't start one.","Cooperative","none","natural","explainlikeimfive","ELI5: If you buy a green bell pepper, why do you not see it ripen and change color in the way that a green banana would?","3fab15bde123"
"Hold up. Are you telling me a red bell pepper is just a more ripe green bell pepper?","I grow bell peppers in my garden. When green bells start turning red, I pick them because critters eat the red ones. I put the still green but partially red peppers in a single layer on cardboard in the shade inside my home. They gradually change completely to fully red bells, sweet as they should be.","Quantity","flouting","natural","explainlikeimfive","ELI5: If you buy a green bell pepper, why do you not see it ripen and change color in the way that a green banana would?","5119a0a6d5cc"
"Bell peppers only ripen on the vine. If you pick it green it's going to stay green. Any discoloration after being removed from the vine is not ripening.","You do see it, bit it takes longer to ripen than a banana does. Usually you'll see the nubs on the bottoms start to turn yellow/red.","Quality","violating","natural","explainlikeimfive","ELI5: If you buy a green bell pepper, why do you not see it ripen and change color in the way that a green banana would?","689dbf9bb4c7"
"Thanks! I'm not going to act like I had anything but a passing familiarity with the terms before the news today, so was trying to figure out how the board being fired would impact the foundation. Now I know it's a lot.","Think of the National Science Board as the group that sets the big rules and direction while the National Science Foundation is the one actually giving out money and running programs. The NSB decides the priorities and approves major decisions so the NSF follows that roadmap when funding science and research.","Cooperative","none","natural","explainlikeimfive","ELI5: In the US, how does the National Science Board (NSB) impact the National Science Foundation (NSF)?","d38cd85a7df3"
"It would probably make you very sick unless, like me, you have a lazy eye, which means your brain has already learned to ignore the signal from one eye.","You would probably get very, very sick - as the brain will struggle to reconcile visual input with the movement sensors (inside your ears).   But stereoscopic images of weird scales showing *the same object* have been made before - like, a landscape photographed from two nearby mountain peaks, then combined into a single stereoscopic picture - supposedly it will look like you are watching a toy train set landscape. Nice!","Cooperative","none","natural","explainlikeimfive","eli5: What would happen if I attached periscopes to both of my eyes and pointed them in different directions?","27148399039a"
"https://www.reddit.com/r/oddlysatisfying/s/6IOyOeK2ze","You would probably get very, very sick - as the brain will struggle to reconcile visual input with the movement sensors (inside your ears).   But stereoscopic images of weird scales showing *the same object* have been made before - like, a landscape photographed from two nearby mountain peaks, then combined into a single stereoscopic picture - supposedly it will look like you are watching a toy train set landscape. Nice!","Relation","flouting","natural","explainlikeimfive","eli5: What would happen if I attached periscopes to both of my eyes and pointed them in different directions?","4bf92338cd80"
"Having had a kid do exactly this in a lesson, I can confirm that yes, you feel ill and fall over very quickly.   There's also stereoscopic rangefinders, which basically use two periscopes to move your eyes a long way apart to make it easier to work out distances.","You would probably get very, very sick - as the brain will struggle to reconcile visual input with the movement sensors (inside your ears).   But stereoscopic images of weird scales showing *the same object* have been made before - like, a landscape photographed from two nearby mountain peaks, then combined into a single stereoscopic picture - supposedly it will look like you are watching a toy train set landscape. Nice!","Cooperative","none","natural","explainlikeimfive","eli5: What would happen if I attached periscopes to both of my eyes and pointed them in different directions?","9b1ee67806f2"
"&gt;But stereoscopic images of weird scales showing the same object have been made before - like, a landscape photographed from two nearby mountain peaks, then combined into a single stereoscopic picture  I assume that would look something like [this](https://xkcd.com/941/) (it's an XKCD comic before anyone gets too excited, but I would love to see some actual examples of this).","You would probably get very, very sick - as the brain will struggle to reconcile visual input with the movement sensors (inside your ears).   But stereoscopic images of weird scales showing *the same object* have been made before - like, a landscape photographed from two nearby mountain peaks, then combined into a single stereoscopic picture - supposedly it will look like you are watching a toy train set landscape. Nice!","Cooperative","none","natural","explainlikeimfive","eli5: What would happen if I attached periscopes to both of my eyes and pointed them in different directions?","22e7f0755e38"
"[Relevant xkcd](https://xkcd.com/941/).","You would probably get very, very sick - as the brain will struggle to reconcile visual input with the movement sensors (inside your ears).   But stereoscopic images of weird scales showing *the same object* have been made before - like, a landscape photographed from two nearby mountain peaks, then combined into a single stereoscopic picture - supposedly it will look like you are watching a toy train set landscape. Nice!","Relation","flouting","natural","explainlikeimfive","eli5: What would happen if I attached periscopes to both of my eyes and pointed them in different directions?","02073b4cfc02"
"Agree, NTA. Infant ~~births~~ deaths have been declining because of modern medicine available at HOSPITALS. Actively choosing something different is one thing, but demanding it be done in someone else's home is something else.  Edit: I'm more tired than I thought I was.","NTA. Absolutely not. Jesus, she should go to a hospital. A lot of hospitals have birthing tubs too, she should look into it.","Cooperative","none","natural","AmItheAsshole","AITA for ruining my daughter in laws birth plan","110a1174b2c4"
"Also, there's is a strong possibility that OPs floors are not weight rated for a birthing pool. The only way to know for sure is to have an engineering assessment done.   What if the pool leaks? Is OPs insurance still going to cover it?  I was a trained doula (still trained but not practicing). This shit can go very badly in many different ways.  OPs house, OPs rules.","NTA. Absolutely not. Jesus, she should go to a hospital. A lot of hospitals have birthing tubs too, she should look into it.","Cooperative","none","natural","AmItheAsshole","AITA for ruining my daughter in laws birth plan","160d26556004"
"There are birthing centers in many places where they can do it not in a hospital and they get sent to the hospital if anything starts to go wrong.   But they probably waited too late and it's not an option","NTA. Absolutely not. Jesus, she should go to a hospital. A lot of hospitals have birthing tubs too, she should look into it.","Cooperative","none","natural","AmItheAsshole","AITA for ruining my daughter in laws birth plan","84532bba8419"
"And ya know the baby doesn't know the ""birth plan"". Shit happens, go to the hospital.","NTA, it is your property and home.  Also, it would be good for your DIL to note that her birth plan was not ruined by you, rather by whomever failed to maintain the fire hydrant and forced them out of their home.","Cooperative","none","natural","AmItheAsshole","AITA for ruining my daughter in laws birth plan","cfe91b29a93b"
"NTA - on top of what you said, who doesn’t tell the person they’re staying with temporarily (during the birth) that the plan was for a home birth?? They made the nursery and didn’t bother to share that fact until now?","NTA, it is your property and home.  Also, it would be good for your DIL to note that her birth plan was not ruined by you, rather by whomever failed to maintain the fire hydrant and forced them out of their home.","Cooperative","none","natural","AmItheAsshole","AITA for ruining my daughter in laws birth plan","938c566b7627"
"I was so ready with y t a but this is NTA!","Almost all instances of mothers-in-law interfering with the birth of their grandchild are wrong… except this one. You’re entitled to an opinion and full veto power since this plan would happen in YOUR house. NTA","Cooperative","none","natural","AmItheAsshole","AITA for ruining my daughter in laws birth plan","dd3c7e57fb3d"
"Hell some hospitals now have thr ability to let people have water births!  I toured one and the ability to have a water birth sold me over one closer to my house (thr one closer to my house also said all mothers have to be on their backs while giving birth. No thanks).","Nta- midwives have specific places for this. They aren’t hospitals but more like midwife centers. She can go there if she really wants to.","Cooperative","none","natural","AmItheAsshole","AITA for ruining my daughter in laws birth plan","20b39cddd8f2"
"Why not just do it at their own house and THEN fix the floors???   (Sorry I had to)","NTA There is no way I would allow this in my home, and I'm still in a larger home.  I guarantee that there's going to be water all over your floor from moving around.   Tell them you're sorry, but they need to get their insurance to cover a short term rental. (And no landlord is going to let them set up a swimming pool inside either.)  There are birthing centers that offer water births at their OWN facilities.","Quality","flouting","natural","AmItheAsshole","AITA for ruining my daughter in laws birth plan","977f7474dbb8"
"Wait he meant coke? I thought it was marijuana! What an ass","ESH   You're parents now. It's time for both of you to leave this nonsense behind. She's an alcoholic; you call coke ""party favors."" Both of you need to get your heads right.","Cooperative","none","natural","AmItheAsshole","WIBTA For telling my wife to go to rehab so she doesn’t affect our babies life?","638b31a7807e"
"And he married her and had a child with her, knowing she's an alcoholic, because he likes ""that version of her.","ESH   You're parents now. It's time for both of you to leave this nonsense behind. She's an alcoholic; you call coke ""party favors."" Both of you need to get your heads right.","Cooperative","none","natural","AmItheAsshole","WIBTA For telling my wife to go to rehab so she doesn’t affect our babies life?","af085168fa69"
"lol I was guessing Ecstasy","ESH   You're parents now. It's time for both of you to leave this nonsense behind. She's an alcoholic; you call coke ""party favors."" Both of you need to get your heads right.","Cooperative","none","natural","AmItheAsshole","WIBTA For telling my wife to go to rehab so she doesn’t affect our babies life?","414b6749eaec"
"Omg is that what it is? Yes esh","ESH   You're parents now. It's time for both of you to leave this nonsense behind. She's an alcoholic; you call coke ""party favors."" Both of you need to get your heads right.","Cooperative","none","natural","AmItheAsshole","WIBTA For telling my wife to go to rehab so she doesn’t affect our babies life?","01948adb3982"
"So a wet &amp; fried brain made a baby? Nothing to see here","ESH   You're parents now. It's time for both of you to leave this nonsense behind. She's an alcoholic; you call coke ""party favors."" Both of you need to get your heads right.","Quality","flouting","natural","AmItheAsshole","WIBTA For telling my wife to go to rehab so she doesn’t affect our babies life?","1fc5104730d9"
"&gt; party favors  I'm a dad now... I like to drink etc but I severely cut back and am never drunk again. What happens if suddenly there's an emergency?? I want to be there for my kid","ESH   You're parents now. It's time for both of you to leave this nonsense behind. She's an alcoholic; you call coke ""party favors."" Both of you need to get your heads right.","Cooperative","none","natural","AmItheAsshole","WIBTA For telling my wife to go to rehab so she doesn’t affect our babies life?","0aeaf2ef3ea1"
"I knew she was an alcoholic before I married her. But she was fun when she was drunk! I figured having a baby would fix everything!","ESH   You're parents now. It's time for both of you to leave this nonsense behind. She's an alcoholic; you call coke ""party favors."" Both of you need to get your heads right.","Manner","flouting","natural","AmItheAsshole","WIBTA For telling my wife to go to rehab so she doesn’t affect our babies life?","93ee599ca936"
"OP, you are right to tell her to do something about drinking, but you were the asshole for choosing to procreate with someone who drinks as a lifestyle. Also, she’s right to tell you to stop doing drugs.   Why in the world do people choose to marry or procreate with partners who have major issues and then expect them to change after marriage/having a baby?   You married her because she was fun and bubbly, and now you expect her to be a different person.","NTA but So you waited all the way until a baby was here to finally address your partner's alcoholism?","Cooperative","none","natural","AmItheAsshole","WIBTA For telling my wife to go to rehab so she doesn’t affect our babies life?","35bc3f589358"
"Because he *liked* her drunk and it validated his habits.   ESH tbh","NTA but So you waited all the way until a baby was here to finally address your partner's alcoholism?","Cooperative","none","natural","AmItheAsshole","WIBTA For telling my wife to go to rehab so she doesn’t affect our babies life?","824fedf79844"
"Yea wtf are u thinking OP","NTA but So you waited all the way until a baby was here to finally address your partner's alcoholism?","Cooperative","none","natural","AmItheAsshole","WIBTA For telling my wife to go to rehab so she doesn’t affect our babies life?","6835b80bea42"
"Because he never plans on giving up his coke habit so she is using that as an excuse.","NTA but So you waited all the way until a baby was here to finally address your partner's alcoholism?","Cooperative","none","natural","AmItheAsshole","WIBTA For telling my wife to go to rehab so she doesn’t affect our babies life?","9132823858d7"
"Definitely seems like it. Two young idiots who should not have reproduced yet, each with their own problems. That poor infant.","Party favor in my day meant coke.....are you using coke?","Cooperative","none","natural","AmItheAsshole","WIBTA For telling my wife to go to rehab so she doesn’t affect our babies life?","81e1e150f648"
"yeah wtf?? sounds like neither of them are ready for the kid lol  getting her to go to rehab for 2-3 drinks a night isn't gonna do anything when she doesn't want to quit on her own","Party favor in my day meant coke.....are you using coke?","Cooperative","none","natural","AmItheAsshole","WIBTA For telling my wife to go to rehab so she doesn’t affect our babies life?","be89462e8114"
"OP commented saying its molly","Party favor in my day meant coke.....are you using coke?","Quantity","flouting","natural","AmItheAsshole","WIBTA For telling my wife to go to rehab so she doesn’t affect our babies life?","f671a544472a"
"Right! You choose to have a child with an alcoholic, now you are mad when she has some wine. Make it make sense","YTA for not using protection until this was addressed. Like why are you having a child with someone that you claim has a substance abuse problem?","Cooperative","none","natural","AmItheAsshole","WIBTA For telling my wife to go to rehab so she doesn’t affect our babies life?","e0fb34ad2f75"
"He might have been high on coke","YTA for not using protection until this was addressed. Like why are you having a child with someone that you claim has a substance abuse problem?","Cooperative","none","natural","AmItheAsshole","WIBTA For telling my wife to go to rehab so she doesn’t affect our babies life?","0d4fdfd8b05a"
"I’m guessing because he ‘likes this version of her’.   It’s an ESH situation maybe leaning toward YTA.  Is 3 deinks a night overconsumption? Yes. Is the mom taking proper care of baby and herself? If this pattern isn’t causing any disruption to her life or work or other relationships, ain’t no rehab in the world gonna work.","YTA for not using protection until this was addressed. Like why are you having a child with someone that you claim has a substance abuse problem?","Cooperative","none","natural","AmItheAsshole","WIBTA For telling my wife to go to rehab so she doesn’t affect our babies life?","d8258739b252"
"Right??  All of this should be addressed before having a child.   Why did either of them think it was okay to bring a child in to home where one parent drinks too much?   And then OP thought it would magically change after they had a baby? Without ever discussing it?","YTA for not using protection until this was addressed. Like why are you having a child with someone that you claim has a substance abuse problem?","Cooperative","none","natural","AmItheAsshole","WIBTA For telling my wife to go to rehab so she doesn’t affect our babies life?","8b5d9ead8825"
"Because drunk wife ""is a version of her I like.","YTA for not using protection until this was addressed. Like why are you having a child with someone that you claim has a substance abuse problem?","Manner","flouting","natural","AmItheAsshole","WIBTA For telling my wife to go to rehab so she doesn’t affect our babies life?","89c3fd7e6b69"
"Yep, I used to do coke every once in a while, well before Fentanyl came on the scene. Now, there is no way I'd touch the stuff. No way I'm risking it.   OP also mentions the child is 6wks old... and his wife is drinking. Where is the milk coming from? If she's at it every night with 2+ drinks, her milk is never safe (per my understanding, but I could be wrong.) If she's formula feeding solely to justify her drinking habit, that makes her an even bigger AH.   ESH. You both need to grow up.","Honestly you both need to work on your bad habits. She definitely needs to slow tf down with her drinking because her liver will eventually fail going like that.   Also you need to give up the coke. 3/4 times a year isn’t much but the supply is so cut and tainted it’s too dangerous to be doing when you have a baby that relies on you. Where I live people are oding left and right.   Time for both of you to grow up, you have a baby now  Edit doing to oding","Cooperative","none","natural","AmItheAsshole","WIBTA For telling my wife to go to rehab so she doesn’t affect our babies life?","3557badf6c38"
"Exactly. Children don’t fix addictions or mental health problems. They can even make them worse due to the stress of raising a child.   ESH.   OP because you chose to have a child with an alcoholic. As a child of an alcoholic, you screwed up big time.   Wife because she chose to have a child before getting the help she needs to get better. And for continuing to drink after baby is born (although no fucking surprise there).","So stupid to try to change her AFTER making a baby with her.  You’re not the asshole but you need to crank up the pressure and be ready to leave if she doesn’t get right.  It’s pretty unrealistic to expect an alcoholic to change.","Cooperative","none","natural","AmItheAsshole","WIBTA For telling my wife to go to rehab so she doesn’t affect our babies life?","8f55cb40c5fb"
"Thank you so much for you understanding. i really do appreciate your advice","NTA. You were put in an unwinnable situation. And the only person to blame is your roommate. He was the one lying to everyone; including his parents.  Would I be furious if I was your roommate? Sure, probably. But again, it all points back to him for being deceitful.  If he says mad at you, then that shows his character and you're likely better off just letting it fade away.  Life is short; don't stay around people who don't like you.","Cooperative","none","natural","AmItheAsshole","AITA for telling my roommate’s parents the truth about why he got kicked out of school","2ed72efdd896"
"Thank you so much i feel more relieved now","NTA. You did him a favor. He thought he will get away with it? His poor parents was probably excited to see their kid graduate, and he cant keep the lie going for years anyway so whats the point in lying in the first place. ALSO WHY IS HE STEALING FROM HIS PARENTS???","Cooperative","none","natural","AmItheAsshole","AITA for telling my roommate’s parents the truth about why he got kicked out of school","627ed1ea5f23"
"Wrong. He didn't make OP lie. OP could have responded with ""Talk to your son if you want answers. Don't involve me.","NTA. He doesn't have the right to make you violate your values and lie. No one has that right.","Cooperative","none","natural","AmItheAsshole","AITA for telling my roommate’s parents the truth about why he got kicked out of school","ace4bdf0d5e1"
"I don't blame the parents. They trusted their son with the responsibility to see through his education and he committed academic misconduct then completely misrepresented the situation. Given they were bankrolling his education and accommodation, they had a right to the truth that their son was denying them.","im gonna have to go with ESH. overall you were put into a shitty position by both the parents and your roommate and you decided to take the easy way out.","Cooperative","none","natural","AmItheAsshole","AITA for telling my roommate’s parents the truth about why he got kicked out of school","3448a7019c19"
"It's possible that the admin team wouldn't let the parents know because of privacy reasons or something, or their son hadn't cleared them to be told. Usually such procedures are to protect students from parents with overbearing or controlling tendencies.","YTA. It was not your info to convey. Every time they pressed you, all you needed to do was to redirect them back to your roommate. You also could’ve suggested that they contact the school’s admin for clarification.","Cooperative","none","natural","AmItheAsshole","AITA for telling my roommate’s parents the truth about why he got kicked out of school","381e3fb5ad17"
"That’s a problem sadly. She struggles very hard mentally and waking up for stuff like that etc. was always a fight.","She can't wake herself up and get ready for a very important meeting at **1pm**? Are you joking? She needs to get a grip","Cooperative","none","natural","AmItheAsshole","AITA because I didn’t wake my friend up when she had an important meeting?","3989221a4e6e"
"And immediately reaches for the weed","She can't wake herself up and get ready for a very important meeting at **1pm**? Are you joking? She needs to get a grip","Relation","flouting","natural","AmItheAsshole","AITA because I didn’t wake my friend up when she had an important meeting?","5cf1acf89ecd"
"That is actually reassuring.  I’m just dreading the moment she will come out of her room and what her mood is like and how she will react to me 😅","NTA. I also had a friend like this, and it's exhausting. If the appointment was important to her, she would have set an alarm. You woke her six times. If she missed her appointment, now she can continue to carry on her narrative that everything is everyone else's fault. If the appointment was at 8 a.m., asking for a little backup might be reasonable, but if you miss a 1 p.m. appointment, that's just self-sabotage.","Cooperative","none","natural","AmItheAsshole","AITA because I didn’t wake my friend up when she had an important meeting?","050d8f8da738"
"I smoke probably too much. 7grams goes in about 2 days. But I start work at 6am, finish at 5. Get home get ripped as and chill. Sounds like her flatmate just sucks at life so much","I vote....Not the mom!  Maybe she should take a break from smoking and work of her lack of motivation.","Cooperative","none","natural","AmItheAsshole","AITA because I didn’t wake my friend up when she had an important meeting?","fe3b68ccbf14"
"Too late, this is an actual problem and the reason I go to therapy now and have to move out 😂 I’m just really bad at understanding sometimes that I’m not her caretaker and not her mother. We have co dependent relationship. That’s why I need sometimes input from outside to tell me what is actually happening","OK I think we can see why she does not have a job. You are at risk of becoming an enabler here. Take a step back, read what you have said as if you were a stranger and think about what advice you give. Remember you are not an alarm clock, she has a phone","Cooperative","none","natural","AmItheAsshole","AITA because I didn’t wake my friend up when she had an important meeting?","fd7e633e3e95"
"lol that sounds horrible! :o but she actually has an alarm clock. Just when she “wakes” she is still out of it and just snoozes it. That’s why there has to be someone to physically wake her sometimes","NTA she is an adult and should be able to wake up on her own. did she not set her own alarms?  i let a friend live with me for free for a while and i had to wake her up every single day for work. one day i forgot bc i was running late myself. she was incredibly angry and moved out soon after.","Cooperative","none","natural","AmItheAsshole","AITA because I didn’t wake my friend up when she had an important meeting?","6b5ea4801d13"
"And she can seriously injure people. Invisible disabilities are a thing. If someone had done that to me they would cause me serious pain and possibly make me fall.  I would've firmly told her that and demanded she go to the back of the line. Plenty of people are disabled, tired, in a rush, or having a crappy day. Wait your turn!","Nta. Shes disabled AND an Ahole.","Cooperative","none","natural","AmItheAsshole","AITA for getting upset that a woman pulled my arm?","f4ec4ce82492"
"Now this is equality","Nta. Shes disabled AND an Ahole.","Quality","flouting","natural","AmItheAsshole","AITA for getting upset that a woman pulled my arm?","76904a04298d"
"Or she should carry a cane. I'd carry a cane over grabbing a stranger in public.","NTA, as someone young who has mobility issues, she should’ve asked OR if it was emergent and she was gunna fall she should have said something or acknowledged you afterwards","Cooperative","none","natural","AmItheAsshole","AITA for getting upset that a woman pulled my arm?","08b10c7e71e6"
"My thought process exactly","NTA, as someone young who has mobility issues, she should’ve asked OR if it was emergent and she was gunna fall she should have said something or acknowledged you afterwards","Cooperative","none","natural","AmItheAsshole","AITA for getting upset that a woman pulled my arm?","517da8e38fcd"
"That was my immediate thought, too (probably because I *do* have an invisible disability that affects my spine and shoulder, and balance. If someone did that to me, I would be in significantly increased pain for several days and there's about a 50/50 chance I'd fall on them)","NTA. She didn't give any warning or even acknowledge you after grabbing your arm. What if you have a disability as well, that affects your balance, coordination or motor control? Or maybe something trauma-related? Being disabled doesn't mean being entitled.","Cooperative","none","natural","AmItheAsshole","AITA for getting upset that a woman pulled my arm?","dfcbfb71e2b6"
"That’s literally what I was thinking. If she grabbed me we would’ve both been on the ground 😂. Or what if she grabbed someone with severe PTSD and they got violent?","NTA. She didn't give any warning or even acknowledge you after grabbing your arm. What if you have a disability as well, that affects your balance, coordination or motor control? Or maybe something trauma-related? Being disabled doesn't mean being entitled.","Cooperative","none","natural","AmItheAsshole","AITA for getting upset that a woman pulled my arm?","816aa9bd49d3"
"Hedgehogs are actually a really good pet if you do the right research and care. Kinda like a bunny but less space involved and a bit more shy. They also arent stabby unless theyre really scared","TIL there are hedgehog breeders ...   YTA. He saved for years and you made him pay for his own bday gift.  I'd run away from you too.","Relation","flouting","natural","AmItheAsshole","AITA for threatening to take a pet back to the breeder?","3f2e53dc039a"
"yes! there is def something going. when behaviors and grades change, it’s a red flag.","Taking his beloved pet away will only make this worse. He probably needs therapy. There is something going on that’s upsetting him. Children don’t just misbehave to be bad. Don’t break his heart on top of whatever it is. Some people think children should just conform and behave. It unfortunately just doesn’t work this way. He needs some support. His hedgehog is his only support right now.","Cooperative","none","natural","AmItheAsshole","AITA for threatening to take a pet back to the breeder?","9c80c8a12449"
"I agree with the first part but any responsible breeder of anything (dog, cats, hamsters, rabbits, hell even horses) would definitely take one of their pets back... otherwise they are NOT responsible breeders and you shouldn't buy from them. It's to ensure the animal isn't abandoned somewhere in a forest if the buyer can't take care of them anymore. They obviously rehome them.","YTA - using the pet for punishment is cruel. And, why do you think you can just bring the hedgehog back to the breeder anyways? The breeder Isn't Walmart. Def not cool.","Cooperative","none","natural","AmItheAsshole","AITA for threatening to take a pet back to the breeder?","7a370c469666"
"This is an update, not a request for new judgment.  OP's boyfriend didn't leave the program, his last semester of classes was primarily or entirely online classes, so he moved early, per [this comment](https://www.reddit.com/r/AmItheAsshole/comments/1su3sgb/comment/ohy5ibn/?context=3) which may provide additional context.","INFO: With a single semester to go, why in God's green earth did your BF leave his IRL college program to move with you to Texas and take classes online? I feel like there's a LOT of missing info here.  Including who was paying for his college.","Cooperative","none","natural","AmItheAsshole","Update- AITA for refusing to apologize to my Bfs mother for an argument I “caused”?","e5f7baf7ea8a"
"My original post gives more context to the situation plus some comments. His last few classes were strictly online classes so he wouldn’t be on campus anyways. He has a grants Fasfa for college and whatever is not covered we pay for.","INFO: With a single semester to go, why in God's green earth did your BF leave his IRL college program to move with you to Texas and take classes online? I feel like there's a LOT of missing info here.  Including who was paying for his college.","Cooperative","none","natural","AmItheAsshole","Update- AITA for refusing to apologize to my Bfs mother for an argument I “caused”?","8a498c910a14"
"Yeah I wonder what he didn't tell OP about the move, maybe lied to his mom about OP that painted her in a bad light?","He didn't tell either one of us the full truth about the move, and was trying to keep the heat off of him""  Wow thats a huge red flag. He has to put in some major work to repairing this loss of trust.  Is he going to throw you under the bus in the future? Is he going to tell you and others half truths so he doesn't have to deal with it? How often does he normally lie to you or those around him?  If he uses lying as a self defense mechanism, it can be unlearned if he cares enough. Good luck.","Cooperative","none","natural","AmItheAsshole","Update- AITA for refusing to apologize to my Bfs mother for an argument I “caused”?","09a51523aa04"
"That stood out to me too. We have a pretty good idea of not the full truth he told his mom, but what wasn’t he honest about with Op?","He didn't tell either one of us the full truth about the move, and was trying to keep the heat off of him""  Wow thats a huge red flag. He has to put in some major work to repairing this loss of trust.  Is he going to throw you under the bus in the future? Is he going to tell you and others half truths so he doesn't have to deal with it? How often does he normally lie to you or those around him?  If he uses lying as a self defense mechanism, it can be unlearned if he cares enough. Good luck.","Cooperative","none","natural","AmItheAsshole","Update- AITA for refusing to apologize to my Bfs mother for an argument I “caused”?","066871b67447"
"Thank you!","Always link to the original post. https://www.reddit.com/r/AmItheAsshole/s/OBxs5i2rGk","Cooperative","none","natural","AmItheAsshole","Update- AITA for refusing to apologize to my Bfs mother for an argument I “caused”?","16b56f81e680"
"Basically telling me he was ready for the move and excited about it and telling his mom the complete opposite he didn’t exactly lie to his mom but told half truths he wouldn’t tell her the full story.","What did he not tell either of you and what was his reasoning? Was it cowardice?","Cooperative","none","natural","AmItheAsshole","Update- AITA for refusing to apologize to my Bfs mother for an argument I “caused”?","f902aa9fb429"
"Its been two years with no respect. Just throw it over the ledge. Its not your problem. Then call and complain to the building manager that someone is littering. Might solve your problem.","I would start throwing it over the ledge, or putting some of the items onto communal property.  NTA","Cooperative","none","natural","AmItheAsshole","AITA for not returning what my neighbors dropped in my house?","4f57a1e4d0cd"
"fair observation. I agree with you that I think i could've been more honest and say that I wasn't okay with this from the beginning, but at the time I didn't think it would happen as frequent. I appreciate your response.","ESH. If you were expecting them to do better, you should have said that to them the first time (or any time) this happened. Instead you told them it was no problem at all. They should be more respectful of your space, but you should be more respectful of your own boundaries too and tell them that you won’t tolerate their trash on your balcony.","Cooperative","none","natural","AmItheAsshole","AITA for not returning what my neighbors dropped in my house?","9a0930dced4d"
"I don't understand this either. I can understand the clothes by the window, the wind could've pushed them over. But the trash bags and empty cleaning products? I don't understand.","Wait trash bags they are throwing their trash on your balcony NTA","Cooperative","none","natural","AmItheAsshole","AITA for not returning what my neighbors dropped in my house?","d0619dffabc4"
"This. The reactive dog and their owner should cross the street.","If her dog can’t behave around other dogs then she should be the one to cross the street. NTA","Cooperative","none","natural","AmItheAsshole","AITA for not crossing to the other side of the street with my dog?","b1128685588f"
"I have a dog aggressive dog that is like 100lbs.  I always keep my eyes open for other dogs who are out to make sure I can avoid them.  Seems like common sense to me.","NTA. imo the rule is, the person with the aggressive dog should be the one to move out of the way","Cooperative","none","natural","AmItheAsshole","AITA for not crossing to the other side of the street with my dog?","36b8dfbfed69"
"My dog barks at other dogs on walks. I always cross the street or at least move as far to the side as I can if crossing is not an option. And then I tell him to look at how calm the other dog is and learn something 😆","NTA - you said it was her dog that started growling. She should have moved if her dog gets ""annoyed"" when other dogs get near.","Cooperative","none","natural","AmItheAsshole","AITA for not crossing to the other side of the street with my dog?","7402fdf6e992"
"Right, plus if the rule is that everyone crosses the street when they see another person with a dog, then they both should have crossed and ended up on the same side again anyway","NTA. There’s no social convention that I’m aware of that you’re supposed to cross the street when you see another person with a dog. Also how would that work if there were three dogs on the same block, hardly an unheard of situation. She’s just making things up.","Quality","flouting","natural","AmItheAsshole","AITA for not crossing to the other side of the street with my dog?","16575ba30766"
"Yes, and that is why he doesn't want to have to stand up for him as a witness. He probably envisions that part of his past being used against him.","Absolutely NTA, but it feels like that complaint against your BIL may have been legitimate...  I'm so sorry that happened to you.","Cooperative","none","natural","AmItheAsshole","AITA for not asking permission to report this incident?","3f3179fad542"
"This seems like the most likely scenario and one that sister is least likely to want to acknowledge as truth. She is deceiving herself and trying to pull you along for the ride as to what is going on in her own relationship. As personal as I’m sure it feels, she is just trying to hold onto the lie that is keeping her sane right now.","NTA is it one of ‘those’ places?   Not to put stories in your head but is it possible that your BIL brought you there knowing that it was? Like maybe he thinks you’d feel/be better if you ‘let off a little steam’ as they say   I have a hard time believing that a trained previously licensed massage therapist would pay for you to have a massage somewhere else when he could do that for you himself if the sole intent is just a massage","Cooperative","none","natural","AmItheAsshole","AITA for not asking permission to report this incident?","dd2689ab68f3"
"Honestly, I don’t think there’s a problem with naming a witness, especially if the appointment was in their name.  Regardless of whether he wanted to be a witness/involved, he was.  That’s the risk you take when you act as an intermediary.  I think the bigger problem is that he might choose to not back up OP’s story if called.","NTA for reporting, and you didn't need permission for that, but you should have gotten his consent before naming him. So very slightly YTA for that.   However, his reaction was over the top and very, very gross. Unfortunately, he sounds like an SA apologist and your sister sounds like an enabler. And hella passive aggressive, too.","Cooperative","none","natural","AmItheAsshole","AITA for not asking permission to report this incident?","82e4513d5128"
"I’m confused; how am I abusing therapy-speak?  I’m also a licensed counselor with over 12 years experience.","YTA to your family for abusing therapy speak. Your complaints about the LMT is justified, file a complaint if you want but don’t expect anyone else to participate.","Cooperative","none","natural","AmItheAsshole","AITA for not asking permission to report this incident?","7c5e37a83f8b"
"If I got a call asking if I could help change out a tire and I was in the middle of playing a game with friends, I would have rounded up the boys, turned the game off and we would have gone to her to figure it all out together. Damn a game, my gf is on the side of the road alone and in pain.","Hes not obligated to fix your tire even though it would have been nice.   By the same token you're not obligated to remain his girlfriend if you would rather date someone who has your back. If I was your boyfriend I would have shown up with my friends and helped you out, because my friends are amazing and I choose to remain friends with people who share my values. values.  Edit: NTA","Cooperative","none","natural","AmItheAsshole","AITA for telling my boyfriend he was rude for not fixing my tire?","a1cae0cd2899"
"And she’s not obligated to reply to his text right away. If he was so worried he could have been there","Hes not obligated to fix your tire even though it would have been nice.   By the same token you're not obligated to remain his girlfriend if you would rather date someone who has your back. If I was your boyfriend I would have shown up with my friends and helped you out, because my friends are amazing and I choose to remain friends with people who share my values. values.  Edit: NTA","Cooperative","none","natural","AmItheAsshole","AITA for telling my boyfriend he was rude for not fixing my tire?","12016c2871c7"
"never even thought of this, thank you","Water is too cold so bacteria can't digest the body and give off gas from digestion to cause the body to float","Cooperative","none","natural","explainlikeimfive","ELI5, in the shipwrecks in The Great Lakes, why don’t bodies float up?","826e9d870e78"
"Especially when the skies of November turn gloomy","Water is too cold so bacteria can't digest the body and give off gas from digestion to cause the body to float","Quality","flouting","natural","explainlikeimfive","ELI5, in the shipwrecks in The Great Lakes, why don’t bodies float up?","e3445aed791d"
"Tahoe is the same. Too cold and too deep","Water is too cold so bacteria can't digest the body and give off gas from digestion to cause the body to float","Cooperative","none","natural","explainlikeimfive","ELI5, in the shipwrecks in The Great Lakes, why don’t bodies float up?","37475235845e"
"This. On Lake Superior we had to pay attention to coast guard alerts for unjacketed overboards or “Pon Pon” emergencies. Had to find them quick before they sunk. It is 200-400 feet deep in the islands and you would never find them after that.","Water is too cold so bacteria can't digest the body and give off gas from digestion to cause the body to float","Cooperative","none","natural","explainlikeimfive","ELI5, in the shipwrecks in The Great Lakes, why don’t bodies float up?","93f938f1db9f"
"the inverse is why it’s harder to keep fish fresh, their bacteria can take the cold","Water is too cold so bacteria can't digest the body and give off gas from digestion to cause the body to float","Cooperative","none","natural","explainlikeimfive","ELI5, in the shipwrecks in The Great Lakes, why don’t bodies float up?","22026ca21cd4"
"This hits close to home, they just found the body of a college kid that went missing a couple months ago in my town, on Lake Superior. It was presumed he fell through the ice in the harbor late one night. I’m so glad they found him for closure for the family. Never turn your back on water or mountains!","Waters in Lake Superior are cold enough that the bacteria responsible for decomposing bodies doesnt exist. Absent the decomposition and the gas byproduct there is nothing to cause bodies to be buoyant .","Cooperative","none","natural","explainlikeimfive","ELI5, in the shipwrecks in The Great Lakes, why don’t bodies float up?","a68332ff404f"
"Think of it like fermentation in a human cask.","Waters in Lake Superior are cold enough that the bacteria responsible for decomposing bodies doesnt exist. Absent the decomposition and the gas byproduct there is nothing to cause bodies to be buoyant .","Manner","flouting","natural","explainlikeimfive","ELI5, in the shipwrecks in The Great Lakes, why don’t bodies float up?","f751646360d0"
"The bacteria that decompose your body are already inside your body, it's just too cold for them to function","Waters in Lake Superior are cold enough that the bacteria responsible for decomposing bodies doesnt exist. Absent the decomposition and the gas byproduct there is nothing to cause bodies to be buoyant .","Cooperative","none","natural","explainlikeimfive","ELI5, in the shipwrecks in The Great Lakes, why don’t bodies float up?","6a93bc5c68db"
"did they find preserved bodies at bottom of the lake?","Waters in Lake Superior are cold enough that the bacteria responsible for decomposing bodies doesnt exist. Absent the decomposition and the gas byproduct there is nothing to cause bodies to be buoyant .","Cooperative","none","natural","explainlikeimfive","ELI5, in the shipwrecks in The Great Lakes, why don’t bodies float up?","48a7eaa94fd2"
"yes i’m understanding that now! thank you","first we need to know why dead bodies typically float - gas from rotting. Typically the bacteria in your digestive tract start to decompose your body and produce a lot of gas as a by product, which causes remains to swell/inflate, become less dense, and float like a balloon.  Now for why some don’t in the Great Lakes, the deeper lakes, famously Lake Superior, are very very cold. So cold that that bacteria actually dies and doesn’t start creating gas, so the bodies just sink","Cooperative","none","natural","explainlikeimfive","ELI5, in the shipwrecks in The Great Lakes, why don’t bodies float up?","5095eab86def"
"When the skys of November turn gloomy","The lake, it is said, never gives up her dead.","Quality","flouting","natural","explainlikeimfive","ELI5, in the shipwrecks in The Great Lakes, why don’t bodies float up?","7dfac084c568"
"Well, at least until the fish get to them.  Eventually, there is little left of them.","Lake Superior is too cold. The bodies don't decompose, bloat, and float to the surface. They stay frozen at the bottom of the lake.","Quality","flouting","natural","explainlikeimfive","ELI5, in the shipwrecks in The Great Lakes, why don’t bodies float up?","870cdaa006ba"
"While this isn’t a correct answer I had to upvote you for the “Dead people generally don’t swim.”   Nice","Dead people generally don't swim. If they're in the ship when it goes down, that's where they stay. If they're outside the ship, and can float up, they probably didn't drown, and if they do, they're already at the surface.","Manner","flouting","natural","explainlikeimfive","ELI5, in the shipwrecks in The Great Lakes, why don’t bodies float up?","b872aafe2418"
"BASED REFERENCE","Under the waves and the earth of an age  Lie a thousand old northerners' graves  Deep in the night when the moon's glowing bright  They come rising up into the night","Cooperative","none","natural","explainlikeimfive","ELI5, in the shipwrecks in The Great Lakes, why don’t bodies float up?","664887a2d34a"
"Also, if you claim you have more muscle mass than someone benching 125kg while only being capable of doing 60 then I can very safely bet that a big chunk of OP's volume is fat, water, etc... and their actual musculature is much less than they think","Most likely he doesn't have less muscle mass than you. Largely, strength = muscle mass but it is a nervous system adaption as well so someone who looks a little smaller can be stronger.","Cooperative","none","natural","explainlikeimfive","ELI5 How can a leaner individual achieve greater strength than a more muscular, trained counterpart?","4d2a71f76367"
"Sounds like an optimization issue? I recall seeing this show where huge bodybuilders struggle with lifting cement bags, while construction workers 1/3 of their size would carry them with ease.","Most likely he doesn't have less muscle mass than you. Largely, strength = muscle mass but it is a nervous system adaption as well so someone who looks a little smaller can be stronger.","Cooperative","none","natural","explainlikeimfive","ELI5 How can a leaner individual achieve greater strength than a more muscular, trained counterpart?","af25e3fb0ea4"
"Yeah that's why bodybuilders are just as good at powerlifting as powerlifters.  /s","Most likely he doesn't have less muscle mass than you. Largely, strength = muscle mass but it is a nervous system adaption as well so someone who looks a little smaller can be stronger.","Quality","flouting","natural","explainlikeimfive","ELI5 How can a leaner individual achieve greater strength than a more muscular, trained counterpart?","2d84b32a2c76"
"What OP thinks is muscle is probably intramuscular fat. Also up to a point strength scales pretty rapidly with more time spent lifting.","You currently bench 60 kg and you believe you have more muscle mass?","Cooperative","none","natural","explainlikeimfive","ELI5 How can a leaner individual achieve greater strength than a more muscular, trained counterpart?","a2add893c3c4"
"That's  a plate per side.  I'm sorry op, I'm older and coming back from injury and I rep my starting weight at this.    If your doing 60kg (and young) you're still in the beginner phase of muscle","You currently bench 60 kg and you believe you have more muscle mass?","Cooperative","none","natural","explainlikeimfive","ELI5 How can a leaner individual achieve greater strength than a more muscular, trained counterpart?","15ef3b7c60ac"
"I think this is what they call Bronning Kruger? When a gymbro is too dumb to realize that he doesn't have the muscle mass and strength he thinks. It's well known for its dumb-bell graph.  I bet he also coaches people at the gym.","You currently bench 60 kg and you believe you have more muscle mass?","Quality","flouting","natural","explainlikeimfive","ELI5 How can a leaner individual achieve greater strength than a more muscular, trained counterpart?","8a727bec93bf"
"The creatine is inflating his ego.","You currently bench 60 kg and you believe you have more muscle mass?","Quality","flouting","natural","explainlikeimfive","ELI5 How can a leaner individual achieve greater strength than a more muscular, trained counterpart?","683a5578f0fc"
"I assumed OP was 12-13","You currently bench 60 kg and you believe you have more muscle mass?","Cooperative","none","natural","explainlikeimfive","ELI5 How can a leaner individual achieve greater strength than a more muscular, trained counterpart?","fa60930cad73"
"I'd say they are correlated but do not imply causality.","Strength and mass are not proportinately correlated, that's why body builders aren't always strong, and why strongmen don't look like body builders. You'd need to focus on training strength rather than muscle mass to be strong and lean.","Cooperative","none","natural","explainlikeimfive","ELI5 How can a leaner individual achieve greater strength than a more muscular, trained counterpart?","e75fa8394c01"
"How do you train strength?","Strength and mass are not proportinately correlated, that's why body builders aren't always strong, and why strongmen don't look like body builders. You'd need to focus on training strength rather than muscle mass to be strong and lean.","Cooperative","none","natural","explainlikeimfive","ELI5 How can a leaner individual achieve greater strength than a more muscular, trained counterpart?","017b13d50667"
"Body builders are strong.","Strength and mass are not proportinately correlated, that's why body builders aren't always strong, and why strongmen don't look like body builders. You'd need to focus on training strength rather than muscle mass to be strong and lean.","Quality","violating","natural","explainlikeimfive","ELI5 How can a leaner individual achieve greater strength than a more muscular, trained counterpart?","73698471d9f6"
"Yup, everyone always overestimates how much muscle they have and underestimates how much fat they have. Cutting 20lb just to find you have another 20lb to lose is a meme for a reason.","To put it bluntly, you are fat. You have less muscle than you think you do. They are lean, they have more total muscle mass than you. Muscle is denser and thus take up less space on the body than fat. They may look less muscular but they have more than you.","Cooperative","none","natural","explainlikeimfive","ELI5 How can a leaner individual achieve greater strength than a more muscular, trained counterpart?","8bd7d7891f50"
"&gt;Sarcoplasmic vs myofibrilar hypertrophy.  Appreciate the reply but this aint an ELI5 opener, cmon.","Sarcoplasmic vs myofibrilar hypertrophy. Training to increase size vs training to increase strength. Id rather shake hands with a bodybuilder than a rock climber, little bastard will crush your hand like a coke can.","Cooperative","none","natural","explainlikeimfive","ELI5 How can a leaner individual achieve greater strength than a more muscular, trained counterpart?","3bf5024bf67f"
"&gt;More muscle mass does not make you stronger, it just means you have more muscle  LOL","Strength is about muscle fiber density, not muscle mass. More muscle mass does not make you stronger, it just means you have more muscle.   Edit: I should have worded that better. Adding muscle mass does add strength. What I meant was one individual having more muscle mass than another individual does not make the one with more mass stronger. This is because muscle fiber density is much more strongly correlated to strength than muscle mass alone","Quality","flouting","natural","explainlikeimfive","ELI5 How can a leaner individual achieve greater strength than a more muscular, trained counterpart?","bc0dc86cfc74"
"This analogy helped me understand it better. Thank you!","Your blood is mostly water. Your saliva is mostly water. Each of your trillions of cells that make up your meat, nerves, brain, etc contain mostly water.   A great way to visualize this is to make beef jerky. If you put 1lb of beef in a dehydrator, youll get back a few ounces of jerky. The only thing that happened in the dehydrator is the water evaporated.","Cooperative","none","natural","explainlikeimfive","ELI5 if a human is 70% water, where is the water?","8160ced357d8"
"&gt; A great way to visualize this is to make beef jerky. If you put 1lb of beef in a dehydrator, youll get back a few ounces of jerky. The only thing that happened in the dehydrator is the water evaporated.   And if you're a Japanese scientist not bound by international agreements on how to treat prisoners of war, and you're wondering what the percentage is for people...","Your blood is mostly water. Your saliva is mostly water. Each of your trillions of cells that make up your meat, nerves, brain, etc contain mostly water.   A great way to visualize this is to make beef jerky. If you put 1lb of beef in a dehydrator, youll get back a few ounces of jerky. The only thing that happened in the dehydrator is the water evaporated.","Quality","flouting","natural","explainlikeimfive","ELI5 if a human is 70% water, where is the water?","9f7a7e085d22"
"So, if we put a human in a dehydrator we should only get a few pounds after?","Your blood is mostly water. Your saliva is mostly water. Each of your trillions of cells that make up your meat, nerves, brain, etc contain mostly water.   A great way to visualize this is to make beef jerky. If you put 1lb of beef in a dehydrator, youll get back a few ounces of jerky. The only thing that happened in the dehydrator is the water evaporated.","Quality","flouting","natural","explainlikeimfive","ELI5 if a human is 70% water, where is the water?","c5edbcbf7d76"
"Which is also why jerky is so goddamn expensive","Your blood is mostly water. Your saliva is mostly water. Each of your trillions of cells that make up your meat, nerves, brain, etc contain mostly water.   A great way to visualize this is to make beef jerky. If you put 1lb of beef in a dehydrator, youll get back a few ounces of jerky. The only thing that happened in the dehydrator is the water evaporated.","Relation","flouting","natural","explainlikeimfive","ELI5 if a human is 70% water, where is the water?","7114352880fc"
"Damn so I’m just a bag of water and meat?","Your blood is mostly water. Your saliva is mostly water. Each of your trillions of cells that make up your meat, nerves, brain, etc contain mostly water.   A great way to visualize this is to make beef jerky. If you put 1lb of beef in a dehydrator, youll get back a few ounces of jerky. The only thing that happened in the dehydrator is the water evaporated.","Quality","flouting","natural","explainlikeimfive","ELI5 if a human is 70% water, where is the water?","dce4a6e20f2c"
"Just like how a sponge holds water it’s in everything","Your blood is mostly water. Your saliva is mostly water. Each of your trillions of cells that make up your meat, nerves, brain, etc contain mostly water.   A great way to visualize this is to make beef jerky. If you put 1lb of beef in a dehydrator, youll get back a few ounces of jerky. The only thing that happened in the dehydrator is the water evaporated.","Cooperative","none","natural","explainlikeimfive","ELI5 if a human is 70% water, where is the water?","bdbe1381bd7c"
"Anything organic that doesn't crack when bent... Is wet. Dry it out then try bending it!   Even that beef Jerry has a bit of water left. Freeze dry it and it'll crumble to dust... Depending on the cut, you might be able to make someggross meat rope out of it...","Your blood is mostly water. Your saliva is mostly water. Each of your trillions of cells that make up your meat, nerves, brain, etc contain mostly water.   A great way to visualize this is to make beef jerky. If you put 1lb of beef in a dehydrator, youll get back a few ounces of jerky. The only thing that happened in the dehydrator is the water evaporated.","Cooperative","none","natural","explainlikeimfive","ELI5 if a human is 70% water, where is the water?","6379c905d28c"
"I want a meat RE-HYDRATER - got too much jerky chew, I want my meat back!","Your blood is mostly water. Your saliva is mostly water. Each of your trillions of cells that make up your meat, nerves, brain, etc contain mostly water.   A great way to visualize this is to make beef jerky. If you put 1lb of beef in a dehydrator, youll get back a few ounces of jerky. The only thing that happened in the dehydrator is the water evaporated.","Quality","flouting","natural","explainlikeimfive","ELI5 if a human is 70% water, where is the water?","2c64e844e4ca"
"Humans are 30% beef jerky.","Your blood is mostly water. Your saliva is mostly water. Each of your trillions of cells that make up your meat, nerves, brain, etc contain mostly water.   A great way to visualize this is to make beef jerky. If you put 1lb of beef in a dehydrator, youll get back a few ounces of jerky. The only thing that happened in the dehydrator is the water evaporated.","Quality","flouting","natural","explainlikeimfive","ELI5 if a human is 70% water, where is the water?","ee32febbedb3"
"Inside cells, interlinked.","It’s in a lot of places, but mostly what people mean is that it’s inside your cells. All that flesh you can see doesn’t look like mummified beef jerky because it’s full like a water balloon. Also your blood is a lot of water.","Manner","flouting","natural","explainlikeimfive","ELI5 if a human is 70% water, where is the water?","6f27867b3be1"
"thinking back to elementary school, our cells do not have cell walls","Blood is mostly water.  But more importantly, [your cells](https://en.wikipedia.org/wiki/Cell_(biology)) are little sacks of water with various stuff floating around inside them.  The whole point of a cell wall (the outer layer) is to keep it all in, so it doesn't just float away and the things inside can bump into each other and do their jobs.","Quality","violating","natural","explainlikeimfive","ELI5 if a human is 70% water, where is the water?","944ed258c25d"
"Blood isn't even 10% of your body. While it is an answer, it's not **the** answer.","Honest question.  what do you think blood is made of?","Quality","violating","natural","explainlikeimfive","ELI5 if a human is 70% water, where is the water?","66018b0499af"
"For continuous driving for sure, but if the car is not in use for the most time? And even if not fully replace charging, it at least would decrease the need of other charging. Or would it really be so miniscule that it would be completely pointless?","You can, but the area of solar panels you would need to charge a car is way to big to be mounted on the car.","Cooperative","none","natural","explainlikeimfive","ELI5: Why can't we use Solar panels to directly charge electric cars?","2a278bd8d1cf"
"There’s an option on the newest Prius to have a solar panel roof that charges the battery, but it adds like 1-2 miles of range per day, I think. So yeah not much.","You can, but the area of solar panels you would need to charge a car is way to big to be mounted on the car.","Cooperative","none","natural","explainlikeimfive","ELI5: Why can't we use Solar panels to directly charge electric cars?","a2e6e363497b"
"This is the answer. And I think the question OP is actually asking is why not. The answer to that is: theyre just not efficient enough yet. We need an order of magnitude or two more power out of them to make this practical. Hopefully in the next 20 years, maybe even 10, we will see that.    Hopefully the AI-powered windows and aircon they put in 2040s cars wont be too power hungry.","You can, but the area of solar panels you would need to charge a car is way to big to be mounted on the car.","Cooperative","none","natural","explainlikeimfive","ELI5: Why can't we use Solar panels to directly charge electric cars?","bc83ba802901"
"My Leaf has a small panel on the roof, above the tailgate. More like it's on the ""rain guard"". It's only job is to charge the 12v battery. It does nothing. At least twice I've come home from a vacation to find the 12v completely drained.","You can, but the area of solar panels you would need to charge a car is way to big to be mounted on the car.","Cooperative","none","natural","explainlikeimfive","ELI5: Why can't we use Solar panels to directly charge electric cars?","da1a185287b4"
"In high school I distinctly remember the school having a solar car that was entered into races and the like.","You can, but the area of solar panels you would need to charge a car is way to big to be mounted on the car.","Cooperative","none","natural","explainlikeimfive","ELI5: Why can't we use Solar panels to directly charge electric cars?","d77df6978040"
"Yes I meant that.","Why can't we? Who says we can't?  Do you mean why not put them on the roof of the car directly? Your car does not have enough surface area to effectively charge the car and the added weight would also ruin your mileage.","Cooperative","none","natural","explainlikeimfive","ELI5: Why can't we use Solar panels to directly charge electric cars?","61f5ec685203"
"Plus aerodynamics","Why can't we? Who says we can't?  Do you mean why not put them on the roof of the car directly? Your car does not have enough surface area to effectively charge the car and the added weight would also ruin your mileage.","Quantity","flouting","natural","explainlikeimfive","ELI5: Why can't we use Solar panels to directly charge electric cars?","aebf4a3963c3"
"The original Nissan leaf actually did have a solar panel as an option, but it was just to charge the 12v battery.","Are you asking why electric cars don't have solar panels on them?   It's because a solar panel of that size would generate a negligible amount of power and would not even be worth installing.","Cooperative","none","natural","explainlikeimfive","ELI5: Why can't we use Solar panels to directly charge electric cars?","cd913f976e00"
"The only vehicle that actually adds valuable range","Go read about Aptera: they have a car that can add 40 miles of range per day just parked outside.    It's pretty cool.   https://aptera.us/","Quantity","flouting","natural","explainlikeimfive","ELI5: Why can't we use Solar panels to directly charge electric cars?","c04a6d3b3097"
"Wild fires and grazing animals make short work of young saplings.","Recurrent drought makes it hard for tree seedings to survive long enough to grow deep roots and mature.","Cooperative","none","natural","explainlikeimfive","ELI5: Why were the Great Plains not covered in forests, even before European settlement?","c1591eb75791"
"and if you cant grow deep roots, the damn wind that is quite prevalent in large open areas with no trees blows you away.","Recurrent drought makes it hard for tree seedings to survive long enough to grow deep roots and mature.","Cooperative","none","natural","explainlikeimfive","ELI5: Why were the Great Plains not covered in forests, even before European settlement?","e1b66f5d0f1a"
"Did the expansive beaver swamps affect this at all?","Recurrent drought makes it hard for tree seedings to survive long enough to grow deep roots and mature.","Relation","flouting","natural","explainlikeimfive","ELI5: Why were the Great Plains not covered in forests, even before European settlement?","dbc05b215690"
"“Fort Worth: where the West begins. Dallas: where the East fizzles out.”","The rain shadow caused by the Rockies has a lot to do with it.   Draw a line between Sioux Falls, Omaha, Wichita, and Dallas. There just isn't much moisture to the west of it, so no trees.","Manner","flouting","natural","explainlikeimfive","ELI5: Why were the Great Plains not covered in forests, even before European settlement?","ccc6adf5218a"
"so take that, OKC","The rain shadow caused by the Rockies has a lot to do with it.   Draw a line between Sioux Falls, Omaha, Wichita, and Dallas. There just isn't much moisture to the west of it, so no trees.","Quality","flouting","natural","explainlikeimfive","ELI5: Why were the Great Plains not covered in forests, even before European settlement?","3b09921a6f4d"
"Ponderosa pines and many other western trees can grow in areas with lower precipitation. Maybe  its a combination of factors, but i don't think its the dry line alone.  Iowa was also tall grass prairie, it gets a similar amount of rain as Pennsylvania or Michigan that had vasts forests","The rain shadow caused by the Rockies has a lot to do with it.   Draw a line between Sioux Falls, Omaha, Wichita, and Dallas. There just isn't much moisture to the west of it, so no trees.","Cooperative","none","natural","explainlikeimfive","ELI5: Why were the Great Plains not covered in forests, even before European settlement?","c3d04dc97f38"
"pretty much the hundredth meridian","The rain shadow caused by the Rockies has a lot to do with it.   Draw a line between Sioux Falls, Omaha, Wichita, and Dallas. There just isn't much moisture to the west of it, so no trees.","Cooperative","none","natural","explainlikeimfive","ELI5: Why were the Great Plains not covered in forests, even before European settlement?","2e9d6f2a8cba"
"100th meridian. Parallels are latitude.","Rainfall really falls off west of the 100th meridian, and you can see this if you look at a population density map of the US as well, it falls off. Hard to have a lot of heavily water dependent life, either forestry or farming, if there isn't a lot of rainfall.","Quality","violating","natural","explainlikeimfive","ELI5: Why were the Great Plains not covered in forests, even before European settlement?","c7e760423b0d"
"first time I drove across the Mississippi River, I noticed how absolutely jarring the change in biomes is, it was so weird","Rainfall really falls off west of the 100th meridian, and you can see this if you look at a population density map of the US as well, it falls off. Hard to have a lot of heavily water dependent life, either forestry or farming, if there isn't a lot of rainfall.","Cooperative","none","natural","explainlikeimfive","ELI5: Why were the Great Plains not covered in forests, even before European settlement?","7e6dee9d2f34"
"And will be called so again, once the fossil acquifers are pumped dry.","We were once called the Great American Desert. Trees need rain.","Cooperative","none","natural","explainlikeimfive","ELI5: Why were the Great Plains not covered in forests, even before European settlement?","11f5d377771e"
"The American Great Plains also suffers from limited precipitation and general strong winds due to the Rocky Mountains  All that foilage the Bison ate could never really grow back under these conditions.","Big herbivores are what does that. On the continent being discussed, bison.","Cooperative","none","natural","explainlikeimfive","ELI5: Why were the Great Plains not covered in forests, even before European settlement?","e6a7b1bfac11"
"That is not correct, it’s the lack of rain that creates the treeless Great Plains region.","Big herbivores are what does that. On the continent being discussed, bison.","Quality","violating","natural","explainlikeimfive","ELI5: Why were the Great Plains not covered in forests, even before European settlement?","82da79eefd82"
"Not really, if trees could thrive bison would not have. Trees are much, much older than bison","Big herbivores are what does that. On the continent being discussed, bison.","Cooperative","none","natural","explainlikeimfive","ELI5: Why were the Great Plains not covered in forests, even before European settlement?","1747df8416ce"
"Grab someone's attention. Make them accountable. Describe the action required. Describe the consequences if they don't act:  ""YOU! YES YOU! GET I. T. TO FIX ME BEFORE I BURN THIS MOTHERFUCKING PLACE TO THE MOTHERFUCKING GROUND""!","Update the messages to say “THIS IS A PROBLEM PLEASE FIX IT BY MAKING SURE ITS PLUGGED INTO A WORKING OUTLET OR YOU WILL LOOSE CONNECTION!!!!!!” That Might help. Maybe…","Quality","flouting","natural","talesfromtechsupport","IT didit","2f23d48d9732"
"Infuriating Technician.","That's not IT. That's someone employed to pretend to be IT.","Manner","flouting","natural","talesfromtechsupport","IT didit","9ece5dc2a5c4"
"Spelled ""Google"" correctly two out of three times on their resume.","That's not IT. That's someone employed to pretend to be IT.","Quality","flouting","natural","talesfromtechsupport","IT didit","aa015a76c0f6"
"so management then","That's not IT. That's someone employed to pretend to be IT.","Quantity","flouting","natural","talesfromtechsupport","IT didit","3c4df000971a"
"Unfortunately every job has to have someone who is the worst at it. The best you can hope for is that they learn and grow, and then it becomes someone else's turn.  If they don't learn/grow, generally they get removed from the job pool and hopefully find something else they can excel at. You just have to pray it's before too much damage is done :p","That's not IT. That's someone employed to pretend to be IT.","Cooperative","none","natural","talesfromtechsupport","IT didit","39f176e0d8e9"
"There are incompetent people in every profession","That's not IT. That's someone employed to pretend to be IT.","Cooperative","none","natural","talesfromtechsupport","IT didit","2c0c8c4eec36"
"IT installed it.   I don't know if they were part of training.","Was it IT that directed you to install the kit in the server room? Did you notify IT that you installed this important piece of equipment in the server room? Did you inform IT of what notifications to expect and actions to take?  Server rooms are like the domain of IT. They are responsible for all equipment in there and its security. Finding some black box plugged in with no notice of what it is? Yeah, give that thing a scream test.","Quantity","flouting","natural","talesfromtechsupport","IT didit","495bd3cfa156"
"If your idea of a DDOS is a warning message over radio every hour and emails to IT, and requires getting into server rooms of government buildings, I don't think they have much to worry about.","So this system directly uses police radio in case of alarm, emergency...and being unplugged. Are they synced or can I DDOS police radio with your devices and a screwdriver? Shitty design, imho.","Quality","flouting","natural","talesfromtechsupport","IT didit","a384cf8ec194"
"Welcome to wireless comms. The industry is like that... a lot.   &amp;nbsp;   Or asking for pairing of Bluetooth earbuds with a radio. Seems to upset a looooot of people.","So this system directly uses police radio in case of alarm, emergency...and being unplugged. Are they synced or can I DDOS police radio with your devices and a screwdriver? Shitty design, imho.","Cooperative","none","natural","talesfromtechsupport","IT didit","24a37ba29680"
"And now you have demonspawn. I've always heard that printers on Linux are even worse but I had a much better experience. This is not an ad for Linux, nor am I a shill. So yeah.   ***NO MORE DEMONSPAWN***","Windows bad, printers bad. Mix them together...","Cooperative","none","natural","talesfromtechsupport","This is not something that computer would ever do"" or A Tale of two Printers","0765a00858cf"
"I heard windows and HP are going to collab by putting a Microsoft AI in their printers","Windows bad, printers bad. Mix them together...","Quality","flouting","natural","talesfromtechsupport","This is not something that computer would ever do"" or A Tale of two Printers","696779711948"
"Windows Printers Very Bad Edition.  /s","Windows bad, printers bad. Mix them together...","Manner","flouting","natural","talesfromtechsupport","This is not something that computer would ever do"" or A Tale of two Printers","75188c1b0835"
"I remember the first time I tried to burn a backup of a Blu-Ray using imgburn. I loaded up the BDMV folder and it *immediately* suggested I set the filesystem to UDF instead of an ISO hybrid. My thought? ""Wait, it *asked* before assuming it knew better than me? I love this program!""  Or it may have been ""This program is stupid in the best possible way!","My mantra with regard to Microsoft - ""STOP helping me!""    I hate it when a piece of software thinks it knows more than I do about what I want.  Unfortunately, that IS true with other users - they SAY they want 'A' when what they actually want is 'B' and the software serves up B.  In my case, when I say I want 'A', I really mean it so when the software that 'knows better' gives me B, it pisses me off no end.","Cooperative","none","natural","talesfromtechsupport","This is not something that computer would ever do"" or A Tale of two Printers","e50a8fc16ee5"
"I'm dealing with this right now, I have several computers stuck defaulting to 10 copies. I have not figured out how to fix this.","Yes, and this behavior is probably new since we also ran into it not long ago, and so I disabled the default printer by policy. Another possibly new behavior is changing number of printed copies saves the setting and confuses the heck out of our users.","Cooperative","none","natural","talesfromtechsupport","This is not something that computer would ever do"" or A Tale of two Printers","2a3eafa9156c"
"I have managed for years a ms-dos based custom-built ERP.","*since most of its backend is stuck in the 90s*  Can't get past that one.","Cooperative","none","natural","talesfromtechsupport","This is not something that computer would ever do"" or A Tale of two Printers","6fd7d112ce7d"
"My wife is an ERP backend expert. She has saved a number of manufacturers because she understood the hidden elements. Burroughs/Inisys, System 34, AS/400, and cloud. I don’t include Oracle because trying to be Jack of all trades makes it a pain (you need a module? We got one. Maybe it’ll work).","*since most of its backend is stuck in the 90s*  Can't get past that one.","Cooperative","none","natural","talesfromtechsupport","This is not something that computer would ever do"" or A Tale of two Printers","a466a2856d65"
"Yeah, this seems like a buried lede here. I could see Windows just being weird like this, but it would make much more sense if both computers were logged in to the same account and were sharing the printer.","Are they sharing an account? AFAIK that setting only affects one user. And one device...","Cooperative","none","natural","talesfromtechsupport","This is not something that computer would ever do"" or A Tale of two Printers","e3ea5e09e9f1"
"OP: ""I check that his temp directory is not set to a network drive by mistake, that **he's logged in using his own user account** and such.","Are they sharing an account? AFAIK that setting only affects one user. And one device...","Cooperative","none","natural","talesfromtechsupport","This is not something that computer would ever do"" or A Tale of two Printers","1e3cdb789a82"
"That's the thing, no they're not! It wasn't the RDP terminal environment, it was local, bog-standard Windows 11. Different AD/Microsoft accounts and everything. I frankly wouldn't believe a computer would ever do this if I hadn't seen it with my own eyes. But it was reproducible. Toggle the setting back on, the issue reappeared.","Are they sharing an account? AFAIK that setting only affects one user. And one device...","Cooperative","none","natural","talesfromtechsupport","This is not something that computer would ever do"" or A Tale of two Printers","50c7a5a53346"
"Perhaps you could read the post?","Are they sharing an account? AFAIK that setting only affects one user. And one device...","Quality","flouting","natural","talesfromtechsupport","This is not something that computer would ever do"" or A Tale of two Printers","d1076f31b146"
"so, let off scott-free :)","If I ever meet a MS developer in a dark alley, my only hope for freedom is to be judged by a jury of my IT peers.","Manner","flouting","natural","talesfromtechsupport","This is not something that computer would ever do"" or A Tale of two Printers","db57cb372a88"
"There is a lot of competition for most buggy thing in the '90s and 2000s.","&gt; most of its backend is stuck in the 90s.   &gt; its built-in print spooler.   &gt; Windows print spooler    Windows print spooler was maybe one of the most buggy things in the '90 and 2000s. Making a proper one was the lesser of two evils.","Cooperative","none","natural","talesfromtechsupport","This is not something that computer would ever do"" or A Tale of two Printers","9904c0374652"
"And Windows CoPilot will want to print to FAX.","Coffee? You need a shot of whiskey after that.  Even on my home PC, Windows kept changing my default printer to ""print to PDF"" until I turned off the same setting. There's only one printer in the house (a Brother MFC with wifi).... why Windows insisted I always wanted to make a PDF instead of printing is beyond me.","Quality","flouting","natural","talesfromtechsupport","This is not something that computer would ever do"" or A Tale of two Printers","6b350afe5f02"
"Fully agree. There was more than one poor decision involved here.","Breakers aren't designed with the same actuation count as switches/isolators. They should not have been using it regularly, they should have had an isolator installed at ground/operator level where it could be turned on and off safely and reliably.","Cooperative","none","natural","talesfromtechsupport","A tale of two breakers","0d0ddb5e4d4e"
"And generally*, operators shouldn't be in electrical enclosures. Only trained and authorized technicians. Most likely with the power off. If it must be done while powered (people will die if it's powered off, like certain areas of a hospital) then only while wearing proper arc flash safety gear.      * I say generally, because there are special cases- if you don't know what those are, you aren't one of them.","Breakers aren't designed with the same actuation count as switches/isolators. They should not have been using it regularly, they should have had an isolator installed at ground/operator level where it could be turned on and off safely and reliably.","Cooperative","none","natural","talesfromtechsupport","A tale of two breakers","79302c122472"
"Having it at ground level would not have solved the problem of forcing operators to walk the equipment in order to be sure they were visually inspecting everything. Now, they could have just had some sort of scan/log/button thing up there to confirm you actually walked up, but moving the switch wouldn't have solved the problem they were trying to fix.","Breakers aren't designed with the same actuation count as switches/isolators. They should not have been using it regularly, they should have had an isolator installed at ground/operator level where it could be turned on and off safely and reliably.","Cooperative","none","natural","talesfromtechsupport","A tale of two breakers","6867dca623e6"
"This sounds counter productive. If I’m reading the post correctly the breaker wasnt being switched to turn the machine on and off, It was being switched to force the operator to walk the length of the machine and do a visual inspection.   Putting in a switch at the operators level completely bypasses the reason they were switching the breaker in the first place. That being said they could have come up with a better plan.","Breakers aren't designed with the same actuation count as switches/isolators. They should not have been using it regularly, they should have had an isolator installed at ground/operator level where it could be turned on and off safely and reliably.","Cooperative","none","natural","talesfromtechsupport","A tale of two breakers","1fbcab2f3edf"
"Was it one of those switches with a guard and a hole that \*requires\* a pen to push it?  (Unless you have really skinny little fingers).","My colleague once took a 2 hour each way round trip airplane ride to push a button.  ""Are you sure the server will not power on? The button is recessed so you might need push it firmly or even use the end of a pen to press the button.""  Customer: ""I know how to push a button. This server will not turn on. It's dead. Send your technician immediately with a replacement server.""  ... and you can guess the rest of the story","Cooperative","none","natural","talesfromtechsupport","A tale of two breakers","a611f551b9f2"
"Absolutely. I also get my hourly rate for travel. I’m one of the few people that gets a smile out of a delayed flight.","Hope you got per diem out of it as well!","Cooperative","none","natural","talesfromtechsupport","A tale of two breakers","32710454bd52"
"Oh yeah, they paid well. Not sure if they actually learned anything, though.","And I hope they had to prepay for the cost to have someone come on site.  That'll teach them or at least penalize them.","Cooperative","none","natural","talesfromtechsupport","A tale of two breakers","5e94e2aae5c2"
"Guys, this is what the management figures mean by 'agile'.  Until he said that, we were a proud engineering company, determined to provide the best solution we could.  Now, however, we make the 'agile pivot' to a proud _sales_ team, determined to help them spend as much money as we can talk them into.  Good engineering practices are no longer appropriate for this client.  Make sure this pivot gets noted in all support documents.","\&gt;“the process is procedure-driven. We’ll do it our way.”  That decision, along with suggested clarification, should have been included in any reference material available to the CS personnel dealing with the customer. Even though revenue is increased by dealing with stupidity, the long-term relationship has a better chance of survival if the customer is not confronted with an expensive resolution of dumb-ass errors.","Manner","flouting","natural","talesfromtechsupport","A tale of two breakers","dd536f095625"
"I’m not sure they were operating the breaker live/ under load. They may have used an upstream disconnect to make sure the panel was dead. I was less concerned with their stupid procedures and more focused on resolution.","The procedure was for the regular operator to, twice a day, open up a live electrical enclosure and flip a breaker?  For me, that wouldn't have even been a question of ""Do you guys really want it like this?""  It would have been ""We can do it my way, that won't eventually get someone killed, or you can do it your way that will.  And this conversation is being recorded for when that happens and you get sued so I can say to a judge that I had no fucking part in this other than warning you.","Cooperative","none","natural","talesfromtechsupport","A tale of two breakers","9a0562e2c68d"
"Our machines are less “smart” then you may be imagining. The error message boiled down to “motor no spin,” but didn’t give much beyond that.","Other possibility: you can write an error message for that error.  Error handling should be a step in the design process and in later testing.","Cooperative","none","natural","talesfromtechsupport","A tale of two breakers","973e47f51297"
"Hindsight is always 20/20. I didn’t learn any of that background until afterward. But yes, you are ultimately correct.","If you knew that the suggestion was made to the customer to put the breaker that needed to be switched off and on twice every shift and that they declined, and you knew that the machine has multiple breakers, why wouldn't you have the client verify the position of each breaker?  And then have a second person verify that what the first person told you was correct?  This would have saved 3 wasted days for you.","Cooperative","none","natural","talesfromtechsupport","A tale of two breakers","f50e9067b490"
"The industry in question doesn’t love sharing pictures, and no, no breaker detection in the PLC.","So you don't ask for pictures of the inside of the cabinets, and there is no breaker detection in the plc software.","Cooperative","none","natural","talesfromtechsupport","A tale of two breakers","abf1c2cff388"
"One said that it was unbelievable because no one checked the server room, anybody with common sense would have first checked the server room. The post was removed before I could reply that it is also common sense to not randomly unplug things in a server room XD","Other subs thought this shit was too unbelievable!? This happens all the fucking time!!","Cooperative","none","natural","talesfromtechsupport","Sometimes, the solution can be so simple...","d6ff7a2c1dcb"
"I know, right?  1st step: does it have power? 2nd step: turn it off and back on. 3rd step: do whatever they were doing after they skipped the 1st 2 steps.","Other subs thought this shit was too unbelievable!? This happens all the fucking time!!","Cooperative","none","natural","talesfromtechsupport","Sometimes, the solution can be so simple...","1ee58ce99f53"
"Because Roy taught us to ask...","There's a very good reason why the first question we ask is ""Is it plugged in?","Manner","flouting","natural","talesfromtechsupport","Sometimes, the solution can be so simple...","e50c0d8e9945"
"I've seen dual power supplies plugged in right next to each other.  I've also seen cleaners unplug two things at once because ""If I don't it doesn't work.""  (If they didn't they'd pop the breaker.)    I haven't seen the two happen at the same time, but that doesn't mean much.","So, I'm not saying I don't believe it, but here's the part I have trouble with.  Any system running SAP should have dual power supplies. While it certainly is possible, and has happened, that only one PS is in use, that certainly shouldn't be the case.  Unplugging one of the PSs should have generated an alert, but not an outage.  But, I've worked in places where that could have happened. And I've had cleaners unplug production servers. It happens.","Cooperative","none","natural","talesfromtechsupport","Sometimes, the solution can be so simple...","a8125db35c10"
"Someone somewhere would be stupid enough to plug both of those into the same extension cord.","So, I'm not saying I don't believe it, but here's the part I have trouble with.  Any system running SAP should have dual power supplies. While it certainly is possible, and has happened, that only one PS is in use, that certainly shouldn't be the case.  Unplugging one of the PSs should have generated an alert, but not an outage.  But, I've worked in places where that could have happened. And I've had cleaners unplug production servers. It happens.","Cooperative","none","natural","talesfromtechsupport","Sometimes, the solution can be so simple...","220fc3a8cd89"
"💯 run b4 it turns into 30 years. People stay married for the exact same reasons. You can't change him. If he wanted to be with you he would take you seriously. In the words of a Queen ""Let it go!!!!!","Better late than never","Cooperative","none","natural","relationship_advice","I (33F) think I have realised that my long term bf (36M) is a loser","2632802eb7eb"
"10 years and in their 30s not living together is wild.","Better late than never","Cooperative","none","natural","relationship_advice","I (33F) think I have realised that my long term bf (36M) is a loser","c8618dfb7c01"
"Yeah, it fucking sucked.","Hard to say from just this post alone, but no birthday gift? He sounds checked out completely","Cooperative","none","natural","relationship_advice","I (33F) think I have realised that my long term bf (36M) is a loser","99db4fb97ad1"
"Thank you, for someone who understands the arts vs career path. I've given him the benefit of the doubt and ive tried to be supportive, but I can't handle it much longer.","I think i feel the same way watching you waste your life with this guy. What advice would you give if your best friend had this exact problem? Do you give him more of your life? More of your stable years? Its great to have passion, but passion doesnt pay the bills. - A theatre kid, who became an accountant. Sure im not on the stage, but I get to take my girlfriend to Europe.","Cooperative","none","natural","relationship_advice","I (33F) think I have realised that my long term bf (36M) is a loser","1ec7f44a8040"
"100% - I do love him, i've never connected with someone like I have with him. He's funny, makes me laugh and has an amazing personality. Just his lack of ambition fucking sucks and its honestly killed our relationship. I do not want to be a babysitter.","I read once that we fall in love with people that we want our partners to be and not who they actually are… I can’t understand how he would watch you work and bust your ass while he sits at home and plays games and doesn’t try and has no ambition. This isn’t gonna change, you’re still young, don’t waste it on someone like that, because life‘s too short. And if he loved you, he would be doing everything he can to prove it.","Cooperative","none","natural","relationship_advice","I (33F) think I have realised that my long term bf (36M) is a loser","1b3f9845694c"
"I don't want children so theres no chance.  He earns a bit from his job, a little bit from government and the icing on the cake - his mum sends him money too.","Don’t get pregnant on your way out. How does he even support himself? Does he live at home with his parents?   This is as good as it will get with him. I hope you find the partner you deserve.","Cooperative","none","natural","relationship_advice","I (33F) think I have realised that my long term bf (36M) is a loser","f0e365aa4c3e"
"You're right, its hard to respect when they dont bring anything to the table. :(","U literally called ur bf a ""loser."" It's over lady. Ur not compatible anymore. Ur hesitation is sunk cost fallacy, but it's pretty obvious from ur post u neither respect him or like him very much anymore. Save both urselfs the headache and don't drag this out.","Cooperative","none","natural","relationship_advice","I (33F) think I have realised that my long term bf (36M) is a loser","1c48651781b8"
"He didnt forget, he just didnt buy me anything or make any effort","Bail yesterday, no fucking way 10 years and they FORGET a holiday like they have so much going on they could forget.","Cooperative","none","natural","relationship_advice","I (33F) think I have realised that my long term bf (36M) is a loser","587711e65eeb"
"Nope, sadly there must be more than one of us.","Have you posted on reddit before? I swear I heard this exact story a while back","Cooperative","none","natural","relationship_advice","I (33F) think I have realised that my long term bf (36M) is a loser","272b55380396"
"Only in this case doesn't seem he's keeping the heart full either","artists ... they keep your heart full and your belly empty.","Quality","flouting","natural","relationship_advice","I (33F) think I have realised that my long term bf (36M) is a loser","8edc761de9c1"
"The thing is, even if he is lying her best friend not caring she was raped is reason enough to end the friendship. The way she clearly doesn’t care and is still considering getting back together with him makes her a not safe person.","Is he a known liar, because I can see how this is his way of isolating her and you","Cooperative","none","natural","relationship_advice","I (33F) just found out my best friends(33F) exhusband(33M) raped me at a college party while drunk 13 years ago. She doesn’t think it’s a big deal because it happened “too long ago”. Did my friendship just die?","33518c1e266d"
"Two scenarios:  he's a rapist.  or a liar.  And the friend is siding with him by trying to say it's unclear and a long time ago.  I don't know that I would trust that friend again either.  He might be trying to isolate the friend, but if I was OP, I would run very very far from a guy who claimed to have raped me.  That man is 100% dangerous.  I couldn't set myself on fire to save a friend that doesn't want to see the problem.","Is he a known liar, because I can see how this is his way of isolating her and you","Cooperative","none","natural","relationship_advice","I (33F) just found out my best friends(33F) exhusband(33M) raped me at a college party while drunk 13 years ago. She doesn’t think it’s a big deal because it happened “too long ago”. Did my friendship just die?","174de96df83c"
"Exactly, he’s laying the groundwork for the friend to feel insecure and isolated, and for OP to appear like an unreliable historian and keeping secrets.","Is he a known liar, because I can see how this is his way of isolating her and you","Cooperative","none","natural","relationship_advice","I (33F) just found out my best friends(33F) exhusband(33M) raped me at a college party while drunk 13 years ago. She doesn’t think it’s a big deal because it happened “too long ago”. Did my friendship just die?","0cda2093fa0d"
"Doesnt really matter for the friendship though. The friend believes it, and this is her genuine reaction which tells OP everything she needs to know about this 'friend'","Possible it never even happened ... if he wants you out of her life, maybe this is his way to achieve that.","Cooperative","none","natural","relationship_advice","I (33F) just found out my best friends(33F) exhusband(33M) raped me at a college party while drunk 13 years ago. She doesn’t think it’s a big deal because it happened “too long ago”. Did my friendship just die?","cc0fa372ad28"
"I agree. This may have happened but maybe not with OP. Whether wasted or whatever if you wake after sex and being on your period OP would have known something happened. Either the sheets would be bloodied or her clothes and would he have put a tampon in or a pad on a barely conscious woman?  I think the friendship is over because she is a horrible person who hears ‘I cheated on you a ton’ and gets angry at the other person? But I wouldnt consider his story to have a lot of truth to it either.","Possible it never even happened ... if he wants you out of her life, maybe this is his way to achieve that.","Cooperative","none","natural","relationship_advice","I (33F) just found out my best friends(33F) exhusband(33M) raped me at a college party while drunk 13 years ago. She doesn’t think it’s a big deal because it happened “too long ago”. Did my friendship just die?","186785cad1f5"
"Very true, but it doesn't change the friend's defense of the story as presented. OP needs to remove herself from the orbit of these shit people","Possible it never even happened ... if he wants you out of her life, maybe this is his way to achieve that.","Cooperative","none","natural","relationship_advice","I (33F) just found out my best friends(33F) exhusband(33M) raped me at a college party while drunk 13 years ago. She doesn’t think it’s a big deal because it happened “too long ago”. Did my friendship just die?","01f1ca628f94"
"Maybe use quotes there in the beginning of your post, because otherwise it looks like your view, as well.","Possible it never even happened ... if he wants you out of her life, maybe this is his way to achieve that.","Manner","flouting","natural","relationship_advice","I (33F) just found out my best friends(33F) exhusband(33M) raped me at a college party while drunk 13 years ago. She doesn’t think it’s a big deal because it happened “too long ago”. Did my friendship just die?","7700c3005038"
"I don't know if this is a hot take, but to me, it almost doesn't matter if he actually raped OP or not. Either he did and this woman is willing to reconcile with a man who's admitted to raping her best friend, or he didn't and this woman is willing to reconcile with a man who would lie about raping someone just to manipulate her to break off a friendship.","Is there a chance he could be lying about the whole thing just to harm her friendship with you?","Cooperative","none","natural","relationship_advice","I (33F) just found out my best friends(33F) exhusband(33M) raped me at a college party while drunk 13 years ago. She doesn’t think it’s a big deal because it happened “too long ago”. Did my friendship just die?","8a8a4f010528"
"Thankfully the post is fake, I've read this identical story at least half a dozen times on here.","Yes your friendship is dead.","Quality","flouting","natural","relationship_advice","I (33F) just found out my best friends(33F) exhusband(33M) raped me at a college party while drunk 13 years ago. She doesn’t think it’s a big deal because it happened “too long ago”. Did my friendship just die?","5c87c30812c2"
"OP says its beyond the statute of limitations, so he actually could plausibly do that. Rape is about power. The kind of person who rapes someone is very frequently the same kind of person to flaunt that when they can get away with it","Seems like that guy is lying to get you out of their lives. No one would say they raped someone and then provide details of a crime they committed to their victim. Unless we are talking about someone really fucking stupid.","Cooperative","none","natural","relationship_advice","I (33F) just found out my best friends(33F) exhusband(33M) raped me at a college party while drunk 13 years ago. She doesn’t think it’s a big deal because it happened “too long ago”. Did my friendship just die?","52927a725e31"
"We had a threesome once. Sometime after that, he says he ran into me at a college party by himself, where according to him I was wasted and then claims we had sex at some point. He recently “confessed” this to her, and then she texted me to confront me and hear my side of the story. I told her I have no side to tell because I don’t remember that encounter at all. Messiness ensued.","So wait, you were having consensual sex with your best friend’s ex-husband that she is cool with but she is upset with you/him about a non-consensual sexual incident from 13 years ago? Wtf  It also sounds like he’s lying about sexually assaulting you. Honestly, ditch them both and don’t look back.","Cooperative","none","natural","relationship_advice","I (33F) just found out my best friends(33F) exhusband(33M) raped me at a college party while drunk 13 years ago. She doesn’t think it’s a big deal because it happened “too long ago”. Did my friendship just die?","33ad7f76ba73"
"&gt;I would talk to a lawyer about what you could do. A filed report is better than nothing.  ""Someone told their ex-spouse who told me that I had drunk sex with them over a decade ago, there are no witnesses, I don't know when it happened, and I have no memory of the event, but I think it was sexual assault"" is... not something I'd relish trying to get a police officer to take a report on.","I am so sorry.   &gt;&gt; As I cannot press charges for sexual assault anymore  I would talk to a lawyer about what you *could* do. A filed report is better than nothing.  Edit to reply to the person who deleted their comment, yes even with zero evidence and no memory. I’m not a lawyer. I don’t know what could be done. It’s worth talking to someone.","Cooperative","none","natural","relationship_advice","I (33F) just found out my best friends(33F) exhusband(33M) raped me at a college party while drunk 13 years ago. She doesn’t think it’s a big deal because it happened “too long ago”. Did my friendship just die?","2e5982fd30dd"
"We were fine except for his cheating and drug addiction and constant lying"" OP *please* find some self respect.","you *want* to marry a cheating drug addict?  Be embarrassed - and let that feeling guide you to kick him out, block him, and live a better life free of the bum.","Quality","flouting","natural","relationship_advice","I (33F)Engaged to (37M) for 3 years, together for 7, multiple “almost weddings,” and still no marriage. I need outside perspective please","1e7759cc14fa"
"She should be embarrassed for setting the bar so low. Jesus Christ.","you *want* to marry a cheating drug addict?  Be embarrassed - and let that feeling guide you to kick him out, block him, and live a better life free of the bum.","Cooperative","none","natural","relationship_advice","I (33F)Engaged to (37M) for 3 years, together for 7, multiple “almost weddings,” and still no marriage. I need outside perspective please","f72664f516b8"
"This is the way","you *want* to marry a cheating drug addict?  Be embarrassed - and let that feeling guide you to kick him out, block him, and live a better life free of the bum.","Cooperative","none","natural","relationship_advice","I (33F)Engaged to (37M) for 3 years, together for 7, multiple “almost weddings,” and still no marriage. I need outside perspective please","719c388219aa"
"Right to the jugular. All you need to read right here.","you *want* to marry a cheating drug addict?  Be embarrassed - and let that feeling guide you to kick him out, block him, and live a better life free of the bum.","Cooperative","none","natural","relationship_advice","I (33F)Engaged to (37M) for 3 years, together for 7, multiple “almost weddings,” and still no marriage. I need outside perspective please","6431987c03e6"
"She would actively have to try to find a WORSE option for marriage.  She makes a lot of the people on love after lock up look reasonable and well adjusted.","you *want* to marry a cheating drug addict?  Be embarrassed - and let that feeling guide you to kick him out, block him, and live a better life free of the bum.","Quality","flouting","natural","relationship_advice","I (33F)Engaged to (37M) for 3 years, together for 7, multiple “almost weddings,” and still no marriage. I need outside perspective please","05b1bc67dbb0"
"Like they said, you want to marry a cheating drug addict?  Honestly sounds like the universe has intervened to prevent this marriage and you continue to insist on it. The writing is on the wall. Leave and work on yourself","you *want* to marry a cheating drug addict?  Be embarrassed - and let that feeling guide you to kick him out, block him, and live a better life free of the bum.","Cooperative","none","natural","relationship_advice","I (33F)Engaged to (37M) for 3 years, together for 7, multiple “almost weddings,” and still no marriage. I need outside perspective please","dfa19ca60cdc"
"Yeah, like, gurl, why worry about whether he wants to marry you. Why do YOU wanna marry this man??","you *want* to marry a cheating drug addict?  Be embarrassed - and let that feeling guide you to kick him out, block him, and live a better life free of the bum.","Quality","flouting","natural","relationship_advice","I (33F)Engaged to (37M) for 3 years, together for 7, multiple “almost weddings,” and still no marriage. I need outside perspective please","3231e77631db"
"Op apparently went to rehab and got clean years ago, and fought for custody of her kids from an abusive boyfriend. Why she would let a drug addict/cheater into the picture I have no idea.","you *want* to marry a cheating drug addict?  Be embarrassed - and let that feeling guide you to kick him out, block him, and live a better life free of the bum.","Cooperative","none","natural","relationship_advice","I (33F)Engaged to (37M) for 3 years, together for 7, multiple “almost weddings,” and still no marriage. I need outside perspective please","9662a31ea818"
"Right this was so embarrassing to even read let alone live through.","you *want* to marry a cheating drug addict?  Be embarrassed - and let that feeling guide you to kick him out, block him, and live a better life free of the bum.","Cooperative","none","natural","relationship_advice","I (33F)Engaged to (37M) for 3 years, together for 7, multiple “almost weddings,” and still no marriage. I need outside perspective please","1cdd355a9bd7"
"To be fair he did her a favour by not marrying her yet. Divorce is a lot more of a headache than breaking up.","Has the time to have a whole affair but not marry you… what about that is not clear to you","Quality","flouting","natural","relationship_advice","I (33F)Engaged to (37M) for 3 years, together for 7, multiple “almost weddings,” and still no marriage. I need outside perspective please","00f49d5093db"
"I got to the affair bit and immediately noped out. It was bad enough before but that's just icing on the cake of the lack of self-respect.","Has the time to have a whole affair but not marry you… what about that is not clear to you","Cooperative","none","natural","relationship_advice","I (33F)Engaged to (37M) for 3 years, together for 7, multiple “almost weddings,” and still no marriage. I need outside perspective please","dce081f8f0eb"
"GIRL.","Girl.","Manner","flouting","natural","relationship_advice","I (33F)Engaged to (37M) for 3 years, together for 7, multiple “almost weddings,” and still no marriage. I need outside perspective please","145bfbda09c3"
"Thank god, I was looking for this.  GIRL. COME ONNNNN.","Girl.","Manner","flouting","natural","relationship_advice","I (33F)Engaged to (37M) for 3 years, together for 7, multiple “almost weddings,” and still no marriage. I need outside perspective please","1a24c682f99a"
"Yeah.... Everything is telling her to leave, even him, but she's just not listening.","Oh no a cheating addict won’t marry you!   Somehow life keeps throwing you a life jacket but you seem determined to drown.","Cooperative","none","natural","relationship_advice","I (33F)Engaged to (37M) for 3 years, together for 7, multiple “almost weddings,” and still no marriage. I need outside perspective please","433e5c33ec59"
"Not even if he actually marries her. She still won't be chosen.","If you haven't listened to him, your heart, your friends, or your family who have probably threatened to go no contact with you over this.   You aren't secure. You aren't chosen. You never will be with him.","Cooperative","none","natural","relationship_advice","I (33F)Engaged to (37M) for 3 years, together for 7, multiple “almost weddings,” and still no marriage. I need outside perspective please","0700e3e86fe5"
"This is so kind 🥹 thank you lovely","Why have you settled for a man who isn’t attracted to you for almost a decade? Dump this one - he’s a dud - and find yourself a guy who is 100% into you.   You’ve wasted enough of your time on a guy who doesn’t like you. It’s time to want better for yourself.","Cooperative","none","natural","relationship_advice","My bf (M27) wore a blindfold to have sex with me (M26). Now what?","991d51e418c3"
"Thanks for the reality check. I’m an academic but somehow my intelligence lapses when it comes to this relationship. Thanks for helping me see it from another perspective.","Imagine I wrote this. Read it back like a stranger wrote it about their partner and imagine the advice you'd give. Please. If you can't see this asshole for what he is, no stranger in the Internet is going to convince you otherwise.","Cooperative","none","natural","relationship_advice","My bf (M27) wore a blindfold to have sex with me (M26). Now what?","b0845f5933cb"
"I asked him if he could compliment me more and he said it makes him feel sick to make up ‘lies’ to make people feel better lol. Yet why does my brain push out all the negatives when I think of breaking up with him and leaves me only with his cute and kind side?   Thanks for your words they mean a lot!","Get out dude, it’s not just the sex thing, it sounds like he full stop doesnt respect you.   I know it will be painful, but I really feel from what I can get from this post is that you’re more used to the relationship as opposed to enjoying it. You’re still very young and can def find someone who will be all over you and not belittle you!","Cooperative","none","natural","relationship_advice","My bf (M27) wore a blindfold to have sex with me (M26). Now what?","9748823bb46d"
"The ultimate question ;-;","Who would you still be with someone who isn't attracted to you?","Manner","flouting","natural","relationship_advice","My bf (M27) wore a blindfold to have sex with me (M26). Now what?","5ec38af678c6"
"that’s so kind of you to say. I need to work on building up the strength to end it but all I can think about is hurting him and it breaks me. But I take your words to heart and will try 😊🙏🏼","This post made me sad and feel really bad for you. Leave this man, find somebody that sees your beauty and is attracted to you and cherishes you. You are worth more!!","Cooperative","none","natural","relationship_advice","My bf (M27) wore a blindfold to have sex with me (M26). Now what?","42126271ba72"
"Thank you lovely 🥹","You deserve someone who is obsessed with you!","Cooperative","none","natural","relationship_advice","My bf (M27) wore a blindfold to have sex with me (M26). Now what?","73ea3b816471"
"Wish I could answer you. Thanks for your kind words","My heart's breaking for ya dude, but, why the hell are you dating someone who continually mentions how unattractive they find you? Sounds masochistic.","Quality","flouting","natural","relationship_advice","My bf (M27) wore a blindfold to have sex with me (M26). Now what?","895aef53eced"
"Thank you lovely human &lt;3","Please don't be a part of this toxic situation anymore! He's so awful to you. You deserve someone so much better than this.","Cooperative","none","natural","relationship_advice","My bf (M27) wore a blindfold to have sex with me (M26). Now what?","e637031f163e"
"Deffo best advice, ain't nothing worse as a junior dev getting rejected","Code review. “Request Changes”","Cooperative","none","natural","ExperiencedDevs","How to deal with juniors shipping AI slop code?","ffd8a856702f"
"And when it happens enough times they should learn to drive the AI better and make manual changes when needed. AI is fine as long as the user actually understands the problem and why the change is being made and the tradeoffs","Code review. “Request Changes”","Cooperative","none","natural","ExperiencedDevs","How to deal with juniors shipping AI slop code?","f6dc91a363de"
"The get them to review each other's code, and then hold them to account if they don't pick up each other's obviously bad code.","Code review. “Request Changes”","Cooperative","none","natural","ExperiencedDevs","How to deal with juniors shipping AI slop code?","01a37b9ef4d9"
"Seriously. End the thread. If you want to keep up with the times, train your LLM code reviewer to have your standards too and gate every pr that doesn't meet them. AI is the key to higher code quality this way.","Code review. “Request Changes”","Cooperative","none","natural","ExperiencedDevs","How to deal with juniors shipping AI slop code?","77e0e704d2f6"
"I honestly wonder what people did before AI.","Code review. “Request Changes”","Quality","flouting","natural","ExperiencedDevs","How to deal with juniors shipping AI slop code?","eff47e62cf3d"
"It's a really valuable tool at multiple levels. *How* it's used by juniors is what matters.   They shouldn't vibe code entire features they don't understand of course, but use the AI to ask questions, gain clarity, and learn something new for the next iteration.  Do that for 6 months of sprints... aaand boom that's 12 or so iterations of on-the-job deep learning. That's how I onboard to new projects these days and it works great (and doesn't take me 6 months fortunately)","Juniors should not be using these tools given their current half assed state. I welcome the downvote to hell.","Cooperative","none","natural","ExperiencedDevs","How to deal with juniors shipping AI slop code?","d842d576142b"
"How does one ""cycle"" a developer","Plenty of juniors in the pool, give feedback on pushing slop and if they don't improve just cycle them out for new ones.","Quantity","flouting","natural","ExperiencedDevs","How to deal with juniors shipping AI slop code?","dc00b4cdf8c2"
"This is the way. Send your token usage through the roof. Let them see how comically expensive this is for lower quality results. Executives are like children in that they don’t believe the stove is hot, they have to touch it themselves.","It has to play out unfortunately.  There's too much market pressure right now.  It's better to just engage in malicious compliance.","Quality","flouting","natural","ExperiencedDevs","Managers decided AI is worth 5x speedup; how do I explain to them how it really works?","f5aa0ff96a7a"
"Honestly do your ""5x speedup"" its totally achieveable to vibe out a PR and dump it without testing.  You'll have job security cleaning up the tech debt once the hype train dies","It has to play out unfortunately.  There's too much market pressure right now.  It's better to just engage in malicious compliance.","Quality","flouting","natural","ExperiencedDevs","Managers decided AI is worth 5x speedup; how do I explain to them how it really works?","c8c5ebf9d3ac"
"Yeah, just keep generating clunker code until crushing amounts of technical debt.","It has to play out unfortunately.  There's too much market pressure right now.  It's better to just engage in malicious compliance.","Cooperative","none","natural","ExperiencedDevs","Managers decided AI is worth 5x speedup; how do I explain to them how it really works?","493a92046c09"
"Second this. Let it play out. The blame if the quality is poor falls on the LLM and not you, which is way better.","It has to play out unfortunately.  There's too much market pressure right now.  It's better to just engage in malicious compliance.","Cooperative","none","natural","ExperiencedDevs","Managers decided AI is worth 5x speedup; how do I explain to them how it really works?","53ebd0073a70"
"Tell them to be less harsh about their contributions to the company, because if all it takes to beat them at their own business is AI copying the product, then they must be doing absolutely nothing useful.","Your managers are not ambitious enough.   Mine were talking about 10x to 40x.   They are scared shitless about having any public documentation of the product, because somebody could copy it using AI in a single night.   I'm just encouraging them to keep build agentic workflows and show us shit demos with the most generic examples ever. Let them sink.   In the meantime, I'm in the second stage of 2 interview processes.","Quality","flouting","natural","ExperiencedDevs","Managers decided AI is worth 5x speedup; how do I explain to them how it really works?","a8357e2117b2"
"My last supervisor had the gall to say he could do the entire sprint we were assigned (across 5 developers) in a single afternoon.","Your managers are not ambitious enough.   Mine were talking about 10x to 40x.   They are scared shitless about having any public documentation of the product, because somebody could copy it using AI in a single night.   I'm just encouraging them to keep build agentic workflows and show us shit demos with the most generic examples ever. Let them sink.   In the meantime, I'm in the second stage of 2 interview processes.","Cooperative","none","natural","ExperiencedDevs","Managers decided AI is worth 5x speedup; how do I explain to them how it really works?","65b5ab586181"
"sounds like they're setting up for unrealistic expectations without understanding the tech's limitations","Your managers are not ambitious enough.   Mine were talking about 10x to 40x.   They are scared shitless about having any public documentation of the product, because somebody could copy it using AI in a single night.   I'm just encouraging them to keep build agentic workflows and show us shit demos with the most generic examples ever. Let them sink.   In the meantime, I'm in the second stage of 2 interview processes.","Cooperative","none","natural","ExperiencedDevs","Managers decided AI is worth 5x speedup; how do I explain to them how it really works?","dd5c64b691fd"
"they will tell you to update your thinking and that old adages no longer apply. There is no reasoning with people who start by choosing the conclusion.","Nine women cannot make a baby in one month","Cooperative","none","natural","ExperiencedDevs","Managers decided AI is worth 5x speedup; how do I explain to them how it really works?","54b054c7b5fb"
"But what if I give all those 9 women a very ellaborate plan and 24/7 access to 9 doctors?","Nine women cannot make a baby in one month","Quality","flouting","natural","ExperiencedDevs","Managers decided AI is worth 5x speedup; how do I explain to them how it really works?","7a8383723b51"
"I wanted to use this in the question but it's already such a cliché","Nine women cannot make a baby in one month","Cooperative","none","natural","ExperiencedDevs","Managers decided AI is worth 5x speedup; how do I explain to them how it really works?","b624804d13ca"
"Writing the actual code is very rarely the bottleneck (I hesitate to say never, but I don't think it would be unreasonable)","Let's say that you hypothetically could develop the code 5X faster using AI. That does not mean the entire project will get shipped 5X faster. Because there is more to completing a project than just writing the code.","Cooperative","none","natural","ExperiencedDevs","Managers decided AI is worth 5x speedup; how do I explain to them how it really works?","df08e0886e4b"
"my managers are quickly realizing that we have not spent enough time planning or validating, historically, and now it's burning us as we try to ship code faster","Let's say that you hypothetically could develop the code 5X faster using AI. That does not mean the entire project will get shipped 5X faster. Because there is more to completing a project than just writing the code.","Cooperative","none","natural","ExperiencedDevs","Managers decided AI is worth 5x speedup; how do I explain to them how it really works?","09e1a72ddbc4"
"True. My CEO admitted to overworking IT intentionally to see what they were capable of.","lol just quit now, you will never, *never*, explain cognitive burnout to upper management. They *fully* understand what they're doing, and they *relish* in ruining your mental health. Acknowledging that you know what they're doing will only make it worse on yourself","Cooperative","none","natural","ExperiencedDevs","Managers decided AI is worth 5x speedup; how do I explain to them how it really works?","a9a36e085aa8"
"He should find another job (before) quit","lol just quit now, you will never, *never*, explain cognitive burnout to upper management. They *fully* understand what they're doing, and they *relish* in ruining your mental health. Acknowledging that you know what they're doing will only make it worse on yourself","Cooperative","none","natural","ExperiencedDevs","Managers decided AI is worth 5x speedup; how do I explain to them how it really works?","12cebfa407c8"
"Wow, that's dark","lol just quit now, you will never, *never*, explain cognitive burnout to upper management. They *fully* understand what they're doing, and they *relish* in ruining your mental health. Acknowledging that you know what they're doing will only make it worse on yourself","Cooperative","none","natural","ExperiencedDevs","Managers decided AI is worth 5x speedup; how do I explain to them how it really works?","0e7e6803c751"
"I genuinely feel bad for you and the ppl that upvoted you for never having worked with good managers.","lol just quit now, you will never, *never*, explain cognitive burnout to upper management. They *fully* understand what they're doing, and they *relish* in ruining your mental health. Acknowledging that you know what they're doing will only make it worse on yourself","Quality","flouting","natural","ExperiencedDevs","Managers decided AI is worth 5x speedup; how do I explain to them how it really works?","65f2dece81de"
"Why not throw it in the sun? It'll get cooked in less than a second (and never be seen again, but who will emphasize that?)","You can cook a turkey at 325F in the oven for 3 hours. To a manager, this means you can also cook a turkey at 975F in the oven for 20 minutes. That’s it. That’s the logic.","Quality","flouting","natural","ExperiencedDevs","Managers decided AI is worth 5x speedup; how do I explain to them how it really works?","195edf34df67"
"They would get scared of being replaced by AI if I told them that","What AI makes faster is the easy stuf, but unfortunately I don't think you can explain them that.","Quality","flouting","natural","ExperiencedDevs","Managers decided AI is worth 5x speedup; how do I explain to them how it really works?","7ca723217443"
"Or resume driven development","it's all PDD anyway (promotion-driven-development)","Manner","flouting","natural","ExperiencedDevs","Anyone think the job hopping culture produces too many engineers that don’t care about maintainability?","cf391894b4f2"
"I prefer PoS promotions oriented systems.","it's all PDD anyway (promotion-driven-development)","Manner","flouting","natural","ExperiencedDevs","Anyone think the job hopping culture produces too many engineers that don’t care about maintainability?","d8c87162e3a1"
"Is there a tutorial on PDD?","it's all PDD anyway (promotion-driven-development)","Quality","flouting","natural","ExperiencedDevs","Anyone think the job hopping culture produces too many engineers that don’t care about maintainability?","a4a497e4b448"
"Unfortunately there's not many (if any at all) incentives to stay with employers. If anything employers actively incentivise _leaving_, lack of promotions or pay rises, more likely to get either or both of those by going else where.   If pathways and ""loyalty"" were rewarded you'd find resume-driven-development decrease, and longevity and maintainability to organically increase.","Yes. It’s a big reason to provide incentives for people to stay.","Cooperative","none","natural","ExperiencedDevs","Anyone think the job hopping culture produces too many engineers that don’t care about maintainability?","96ae54bd8ddc"
"incentives to stay - ""no we cant afford a payrise this year","Yes. It’s a big reason to provide incentives for people to stay.","Quality","flouting","natural","ExperiencedDevs","Anyone think the job hopping culture produces too many engineers that don’t care about maintainability?","3f3248fa785c"
"My understanding is that in most companies, hiring budget is usually bigger than retention budget.","Yes. It’s a big reason to provide incentives for people to stay.","Cooperative","none","natural","ExperiencedDevs","Anyone think the job hopping culture produces too many engineers that don’t care about maintainability?","e17aa11ea705"
"Also, it isn't the ""job hopping culture"" it's the ""they won't promote so they force employees to leave for another company"" culture.  The job hoppers didn't create this problem. The companies did.  PS. Remember when Apple and Google colluded to keep salaries down for engineers?   I do.","Yes. It’s a big reason to provide incentives for people to stay.","Cooperative","none","natural","ExperiencedDevs","Anyone think the job hopping culture produces too many engineers that don’t care about maintainability?","b72ed903c9fe"
"When the brass is hyperfocused on quarterly stock-price results, that discourages long-term thinking throughout the hierarchy.","No, management with short-term reward structure produces products without maintainability. Engineers care but are discouraged from caring.","Cooperative","none","natural","ExperiencedDevs","Anyone think the job hopping culture produces too many engineers that don’t care about maintainability?","90329f6167bc"
"I haven't checked the OPs profile, but find his take suggesting they might not be a dev at all, or too far removed from the actual dev work that happens at lower levels.  Seems like a deliberate attempt at pinning all the fault on engineering.","No, management with short-term reward structure produces products without maintainability. Engineers care but are discouraged from caring.","Cooperative","none","natural","ExperiencedDevs","Anyone think the job hopping culture produces too many engineers that don’t care about maintainability?","20b449e6b66a"
"Management also talks out of both sides of their mouth on this. On one hand, engineers are encouraged to work on tech debt and build maintainable solutions. When planning rolls around however there suddenly isn't any time because the next Feature^TM is extremely high priority for this quarter. ""We'll make time for tech debt after the next quarter."" Rinse and repeat until backlog is unmanageable.","No, management with short-term reward structure produces products without maintainability. Engineers care but are discouraged from caring.","Quality","flouting","natural","ExperiencedDevs","Anyone think the job hopping culture produces too many engineers that don’t care about maintainability?","de759a61ffdb"
"I assume the next guy is just me a few months later, having lost all memory of what I did and why.","You are supposed to build software for the next guy. I try to live by this principle as I have been the next guy quite a few times.","Manner","flouting","natural","ExperiencedDevs","Anyone think the job hopping culture produces too many engineers that don’t care about maintainability?","52d994bd5e20"
"Agree but if management is gonna constantly crunch me for time and then stiff me on promos and raises I'll happily churn out spaghetti and then leave someone else to deal with it","You are supposed to build software for the next guy. I try to live by this principle as I have been the next guy quite a few times.","Cooperative","none","natural","ExperiencedDevs","Anyone think the job hopping culture produces too many engineers that don’t care about maintainability?","8828d9bce47b"
"It is wild to mention job-hopping as the culprit without pointing out what you just pointed out.   OP reads more like someone that does layoffs more so than someone that is from a developer perspective.","Job hopping culture is a direct response to corporate culture of layoffs instead of giving raises and promotions based on merit and tenure.   Employees are incentivised to change jobs frequently to maximize their salary because the reward for loyalty is stagnation and loss of job.  Quality of software doesn't even factor in an equation such as this one.","Cooperative","none","natural","ExperiencedDevs","Anyone think the job hopping culture produces too many engineers that don’t care about maintainability?","c62693e9067e"
"IME the biggest difference to code quality wasnt average job tenure it was seniority and how much emphasis management put on it relative to delivery time.","100% there is no need to build code to last if you know you are going to be somewhere else in a few years.  contracting in general just leads to worse outcomes","Cooperative","none","natural","ExperiencedDevs","Anyone think the job hopping culture produces too many engineers that don’t care about maintainability?","d759213da385"
"The contractors I worked with at my last job did some diabolical shit. Like creating a whole new Lambda for moving a file every time we created a new report type instead of having one Lambda with parameters.","100% there is no need to build code to last if you know you are going to be somewhere else in a few years.  contracting in general just leads to worse outcomes","Cooperative","none","natural","ExperiencedDevs","Anyone think the job hopping culture produces too many engineers that don’t care about maintainability?","a94ab136cfc6"
"Together shitty developers strong!","Helping create jobs for each other!","Quality","flouting","natural","ExperiencedDevs","Anyone think the job hopping culture produces too many engineers that don’t care about maintainability?","f4fbfed8feef"
"We should fly drones into tornados. Measure speed with gps and the inertial sensors.","Those measured wind speeds were from mobile radar units on the cars so they are going to be relatively close to the tornado. So you're going to miss many tornadoes that aren't caught by storm chasers. The big weather radars are scanning the storms thousands of feet up and not getting the ground wind speeds.","Cooperative","none","natural","askscience","Why are tornados rated by damaged estimates rather than raw wind data? We have the technology now why are we still estimating wind speed for ratings.","b3b65299c232"
"Ignoring atmospheric refraction, if a tornado is 100 miles away the lowest part it that you can measure via radar is approximately 5,000 feet high.","Yes we have the technology but do we have enough sensors? The Earth is round and when a radar, weather or otherwise, shoots a beam out even at the most flat elev how can it measure the wind speed at ground level of a tornado that's 100 miles away? If what I'm seeing on Google is correct, if you shoot a straight horizontal line out, 100 miles away, the ground is actually several thousand ft lower than where you are now so you can never shoot down to measure the speed at ground level.","Cooperative","none","natural","askscience","Why are tornados rated by damaged estimates rather than raw wind data? We have the technology now why are we still estimating wind speed for ratings.","367b22c77bb5"
"Yep. The only true way to see the actual tornado speed is via sensors, and the Doppler on Wheels, which can’t be everywhere. And at even at 50 miles out, you’re seeing the atmosphere 3600 feet up. And at 100 miles it’s almost 10k feet!","Yes we have the technology but do we have enough sensors? The Earth is round and when a radar, weather or otherwise, shoots a beam out even at the most flat elev how can it measure the wind speed at ground level of a tornado that's 100 miles away? If what I'm seeing on Google is correct, if you shoot a straight horizontal line out, 100 miles away, the ground is actually several thousand ft lower than where you are now so you can never shoot down to measure the speed at ground level.","Cooperative","none","natural","askscience","Why are tornados rated by damaged estimates rather than raw wind data? We have the technology now why are we still estimating wind speed for ratings.","421810e7af93"
"People should stop conflating the technical ability to do something with the funding, need, practicality, and political will to do it.","Yes we have the technology but do we have enough sensors? The Earth is round and when a radar, weather or otherwise, shoots a beam out even at the most flat elev how can it measure the wind speed at ground level of a tornado that's 100 miles away? If what I'm seeing on Google is correct, if you shoot a straight horizontal line out, 100 miles away, the ground is actually several thousand ft lower than where you are now so you can never shoot down to measure the speed at ground level.","Cooperative","none","natural","askscience","Why are tornados rated by damaged estimates rather than raw wind data? We have the technology now why are we still estimating wind speed for ratings.","7c3eaf519d25"
"I wonder if there’s any meaningful way to infer wind speed from data they can actually see. It wouldn’t be dead accurate, but maybe close enough?","Yes we have the technology but do we have enough sensors? The Earth is round and when a radar, weather or otherwise, shoots a beam out even at the most flat elev how can it measure the wind speed at ground level of a tornado that's 100 miles away? If what I'm seeing on Google is correct, if you shoot a straight horizontal line out, 100 miles away, the ground is actually several thousand ft lower than where you are now so you can never shoot down to measure the speed at ground level.","Cooperative","none","natural","askscience","Why are tornados rated by damaged estimates rather than raw wind data? We have the technology now why are we still estimating wind speed for ratings.","4cf68443d1ac"
"Technology and radars have gotten pretty good. My state gets wrecked by tornadoes and so we’ve got some of the best Doppler radars on the planet. Tornadoes are typically tracked in real time and they can usually predict the path with a good 1 hour to 20 minute warning. It’s not perfect but since I was a kid it’s gotten so much better. Our meteorologist can typically tell you which neighborhoods are about to be hit. Not just the town or general area","even with all the radars we have across the country currently, we still don't always know for sure if there was a tornado or not, and sometimes have to rely on damage to figure out if one actually touched down in the first place.","Cooperative","none","natural","askscience","Why are tornados rated by damaged estimates rather than raw wind data? We have the technology now why are we still estimating wind speed for ratings.","27a5f5ae4674"
"these questions should have been addressed by climate scientists decades ago instead of just using the lazy damage based system we have now.","&gt;An ef3 rating means 136-165mph winds  what speed would that be?  the speed of the tornado moving from a to b?  at least the the footage shown in tv etc shows tornadoes moving across the country much slower  the rotational speed?  well, at what diameter of the spout?","Cooperative","none","natural","askscience","Why are tornados rated by damaged estimates rather than raw wind data? We have the technology now why are we still estimating wind speed for ratings.","3007dcfad1aa"
"Thanks! This is off-topic but I'm considering getting a geology degree myself and want to know what your experience has been like in the field. Is there a large variety of jobs that require a geology degree? I have a lot of other interests (like photography) that I would ideally want to incorporate into a hypothetical geology career","Here on Earth, mountains are made of all kinds of different rocks, but the vast majority of sand is quartz sand because A) quartz is extremely common in many different rocks, and B) it is one of the minerals most resistant to weathering, both physical and chemical.  Other sands exist (green olivine sand in Hawai'i and shell sand on tropical islands are two examples) but quartz is by far the most common.  Source: I have a Geology degree and am a science teacher.","Relation","flouting","natural","askscience","What rocks are mountains most commonly made of and how can I determine that?","56688804e289"
"That's pretty damn cool. Looks like it started as a mining town and a pass through the mountains for settlers.  I wonder how much harder the journey for those settlers would have been if some big rock hadn't smashed a path through the mountains.   Canada has a similar feature called the Sudbury Basin.  It's way old and apparently one of the biggest impact craters identified.  The impact gave access to tons of mineral deposits.  There's a bunch of mines in the region.","You may wish to check out the Middlesboro Crater in southeast Kentucky as an example of an impact crater in a mountain range. The crater is about 3 miles in diameter, and the town of Middlesboro is centered within the crater itself, taking advantage of the flattened area in the otherwise steep terrain.","Cooperative","none","natural","askscience","Would an astroid impact in a mountain range affect it’s crater?","48512566e01e"
"I was about to add the Cumberland gap crater, before I realized it's actually called Middlesboro Crater.  I just knew it as the crater that created the gap.","You may wish to check out the Middlesboro Crater in southeast Kentucky as an example of an impact crater in a mountain range. The crater is about 3 miles in diameter, and the town of Middlesboro is centered within the crater itself, taking advantage of the flattened area in the otherwise steep terrain.","Cooperative","none","natural","askscience","Would an astroid impact in a mountain range affect it’s crater?","e1f4a794bf26"
"If the impact is at the foot of a steep mountain, would that distort the crater shape because there is much more material to displace on one side than on the other?","Meteor craters are almost always circular because they carry more kinetic energy than the energy binding their atoms together. So when it strikes, it explodes like a bomb in all directions.   The angle of impact has to be quite shallow to make an oval shaped crater. I don't see what difference mountains would make. That's like one or two miles closer to space at most. Negligible.","Cooperative","none","natural","askscience","Would an astroid impact in a mountain range affect it’s crater?","c6165424f069"
"Would there be much difference if a meteor splashed directly on Mt Rainier vs something not as volcanic?","Meteor craters are almost always circular because they carry more kinetic energy than the energy binding their atoms together. So when it strikes, it explodes like a bomb in all directions.   The angle of impact has to be quite shallow to make an oval shaped crater. I don't see what difference mountains would make. That's like one or two miles closer to space at most. Negligible.","Cooperative","none","natural","askscience","Would an astroid impact in a mountain range affect it’s crater?","4c1fb3c4a536"
"Thinking about a literal mountain being about as squishy as a sand castle is just frightening.","Yes.   At city killing size the impact site would be considerably altered compared to the AZ crater site.  Depending on the type of mountain and height you might see something like a new valley with very strange edges at first but it's important to remember that at those levels of energy the mountain has the resistance of a sand castle so you would only be able to see it for a few years before erosion erased the site mostly.","Quality","flouting","natural","askscience","Would an astroid impact in a mountain range affect it’s crater?","5f22aa1040ef"
"Paging u/AstroMike23, this seems like one for you that I would also be interested in hearing an answer to.","See id like to also be able to find upward force from drafts, see the sheer amount of power and weight these things have. I imagine it varies GREATYLY depending on region, size of storm, and a MULTITUDE of factors. Just trying something fun for a scen","Cooperative","none","natural","askscience","What are the mechanics behind wind flow patterns on Gas Giant stoms?","0d72a1a849d8"
"&gt; Adrenalin, as the name says, comes from the adrenal gland, which is next to (""ad"") the kidney (""ren"").  Fun fact: ""ad/ren"" comes from Latin. The Greek equivalent is ""epi/nephros"", hence the alternative name for adrenaline: epinephrine.","Yes they are stored in vesicles (little bubbles in the cells), and not all of them originate in the brain. Adrenalin, as the name says, comes from the adrenal gland, which is next to (""ad"") the kidney (""ren"").  And yes you can run out, which happens with certain hormones when there's a deficiency in the production or for example during prolonged stress (severe injuries etc). They have to be supplemented then.","Cooperative","none","natural","askscience","When your brain releases hormones like adrenaline, endorphin, dopamine etc that have an almost instant effect, are they just conjured on the spot or created in advance and stored somewhere to just wait for the signal?","6363289838e6"
"&gt; next to (""ad"") the kidney (""ren"")  This is great - thank you.","Yes they are stored in vesicles (little bubbles in the cells), and not all of them originate in the brain. Adrenalin, as the name says, comes from the adrenal gland, which is next to (""ad"") the kidney (""ren"").  And yes you can run out, which happens with certain hormones when there's a deficiency in the production or for example during prolonged stress (severe injuries etc). They have to be supplemented then.","Cooperative","none","natural","askscience","When your brain releases hormones like adrenaline, endorphin, dopamine etc that have an almost instant effect, are they just conjured on the spot or created in advance and stored somewhere to just wait for the signal?","891add8e288b"
"This is also part of the danger with drugs like MDMA, which cause the body to release as much of the dopamine, seratonin and norepinephrine. Once they're all spent, it takes a few days for them to recover, leading to what's known as ""suicide Tuesday"" where users feel depressed in the days following their usage/","Yes they are stored in vesicles (little bubbles in the cells), and not all of them originate in the brain. Adrenalin, as the name says, comes from the adrenal gland, which is next to (""ad"") the kidney (""ren"").  And yes you can run out, which happens with certain hormones when there's a deficiency in the production or for example during prolonged stress (severe injuries etc). They have to be supplemented then.","Cooperative","none","natural","askscience","When your brain releases hormones like adrenaline, endorphin, dopamine etc that have an almost instant effect, are they just conjured on the spot or created in advance and stored somewhere to just wait for the signal?","9e396a6ac555"
"Some cells in the brain do use adrenaline. They just aren’t as widely projecting as their noradrenergic counterparts.","Yes they are stored in vesicles (little bubbles in the cells), and not all of them originate in the brain. Adrenalin, as the name says, comes from the adrenal gland, which is next to (""ad"") the kidney (""ren"").  And yes you can run out, which happens with certain hormones when there's a deficiency in the production or for example during prolonged stress (severe injuries etc). They have to be supplemented then.","Cooperative","none","natural","askscience","When your brain releases hormones like adrenaline, endorphin, dopamine etc that have an almost instant effect, are they just conjured on the spot or created in advance and stored somewhere to just wait for the signal?","70520102380b"
"If you don't use it do they expire and get absorbed by the body or sit there until it's used?","Yes they are stored in vesicles (little bubbles in the cells), and not all of them originate in the brain. Adrenalin, as the name says, comes from the adrenal gland, which is next to (""ad"") the kidney (""ren"").  And yes you can run out, which happens with certain hormones when there's a deficiency in the production or for example during prolonged stress (severe injuries etc). They have to be supplemented then.","Cooperative","none","natural","askscience","When your brain releases hormones like adrenaline, endorphin, dopamine etc that have an almost instant effect, are they just conjured on the spot or created in advance and stored somewhere to just wait for the signal?","d0ca2104003a"
"What happens if they're not supplemented?","Yes they are stored in vesicles (little bubbles in the cells), and not all of them originate in the brain. Adrenalin, as the name says, comes from the adrenal gland, which is next to (""ad"") the kidney (""ren"").  And yes you can run out, which happens with certain hormones when there's a deficiency in the production or for example during prolonged stress (severe injuries etc). They have to be supplemented then.","Cooperative","none","natural","askscience","When your brain releases hormones like adrenaline, endorphin, dopamine etc that have an almost instant effect, are they just conjured on the spot or created in advance and stored somewhere to just wait for the signal?","c0bc6b85412d"
"Nerve cells also store and release noradrenaline which converts into adrenaline within a couple seconds. The noradrenaline acts locally on the target, and then is circulated systemically in the form of adrenaline.","Yes they are stored in vesicles (little bubbles in the cells), and not all of them originate in the brain. Adrenalin, as the name says, comes from the adrenal gland, which is next to (""ad"") the kidney (""ren"").  And yes you can run out, which happens with certain hormones when there's a deficiency in the production or for example during prolonged stress (severe injuries etc). They have to be supplemented then.","Cooperative","none","natural","askscience","When your brain releases hormones like adrenaline, endorphin, dopamine etc that have an almost instant effect, are they just conjured on the spot or created in advance and stored somewhere to just wait for the signal?","3fc40e8c617f"
"&gt; They have to be supplemented then.  Could you please clarify this part? Supplemented by what? From where?","Yes they are stored in vesicles (little bubbles in the cells), and not all of them originate in the brain. Adrenalin, as the name says, comes from the adrenal gland, which is next to (""ad"") the kidney (""ren"").  And yes you can run out, which happens with certain hormones when there's a deficiency in the production or for example during prolonged stress (severe injuries etc). They have to be supplemented then.","Cooperative","none","natural","askscience","When your brain releases hormones like adrenaline, endorphin, dopamine etc that have an almost instant effect, are they just conjured on the spot or created in advance and stored somewhere to just wait for the signal?","d2ee0b556ba9"
"Well for starters there's no such thing as serotonin ""glands"", but yes mdma absolutely does release all your stored serotonin at once.","When people take MDMA too much over time their serotonin glands can become depleted, so yes you absolutely can run out.  Your body produces these chemicals very slowly, storing them until needed. When the appropriate stimulation happens, your nerves initiate a biochemical process that opens the gland and releases the hormone. Then, there is another biochemical feedback mechanism that closes the gland afterwards.","Quality","violating","natural","askscience","When your brain releases hormones like adrenaline, endorphin, dopamine etc that have an almost instant effect, are they just conjured on the spot or created in advance and stored somewhere to just wait for the signal?","2ff22446a56d"
"I know someone with chronic anxiety who is pulsing with adrenaline 24/7 - fight or flight all the time - it *rarely* turns off - like 1 day in 7 maybe.   How can that be - why doesn't the adrenaline run dry?","When people take MDMA too much over time their serotonin glands can become depleted, so yes you absolutely can run out.  Your body produces these chemicals very slowly, storing them until needed. When the appropriate stimulation happens, your nerves initiate a biochemical process that opens the gland and releases the hormone. Then, there is another biochemical feedback mechanism that closes the gland afterwards.","Cooperative","none","natural","askscience","When your brain releases hormones like adrenaline, endorphin, dopamine etc that have an almost instant effect, are they just conjured on the spot or created in advance and stored somewhere to just wait for the signal?","a5d33d034720"
"It's amazing to think all of that can be triggered by your neural network.","When people take MDMA too much over time their serotonin glands can become depleted, so yes you absolutely can run out.  Your body produces these chemicals very slowly, storing them until needed. When the appropriate stimulation happens, your nerves initiate a biochemical process that opens the gland and releases the hormone. Then, there is another biochemical feedback mechanism that closes the gland afterwards.","Cooperative","none","natural","askscience","When your brain releases hormones like adrenaline, endorphin, dopamine etc that have an almost instant effect, are they just conjured on the spot or created in advance and stored somewhere to just wait for the signal?","a23c9abb62e1"
"I would like to see a movie stunt where someone on an open flatbed truck or train runs opposite to the direction of motion, jumps off, does a 180 in the air, and is able to stay on his feet now running in the opposite direction.  This would potentially double the possible speed from which you could dismount and stay upright.","Anecdotally as someone who used to downhill longboard. I'd say about 25 mph is the upper limit of how fast you can land on your feet lean back enough to cancel your feet getting whipped backwards and still maintain your balance enough to keep putting one foot in front of the next until you slow down to sprinting speed and then can just run it out.","Cooperative","none","natural","askscience","What's the fastest a trained athlete or stuntman could *run* (not roll or slide) jumping from a moving platform/vehicle?","561bb29b8ac5"
"Makes sense. A  D1 sprinter's top speed would be somewhere around the 23mph mark. They would probably be able to tolerate slightly faster speeds for  short time without falling. Someone not trained in sprinting would likely not be able to handle much time at those speeds without falling. They will just hit a point where their legs and nervous system can't keep up.","I saw a TikTok today of someone jumping off a skateboard at faster and faster speeds. They ran out a 22mph and tumbled on 23mph. It’s the dude that makes videos of him speed running through chores and stuff and running outside, so I would put them in the well above average category for running skill.","Cooperative","none","natural","askscience","What's the fastest a trained athlete or stuntman could *run* (not roll or slide) jumping from a moving platform/vehicle?","af93415c3851"
"How would you even define and measure this?","Just to point out that insects with very short lives have far higher temporal resolution than we do, so the world around them goes in slow motion. The tradeoff for this is that it's metabolically expensive, hence the short life, but from the frame of reference of the insect, they lived a long time. We tend to think that our perception of time is the norm, but every species experiences the world at different rates.","Cooperative","none","natural","askscience","Do short-lived insects gain experience?","28bcecf61987"
"Interesting. I’ve never really realized that some ions are more stable. So they have more or less electrons than they should, but they can be more stable if that means that reduces the number of unpaired electrons? It’s wierd to me that they can have a net charge, but be more stable","A hydroxide ion is the same as a hydroxyl radical, but with an extra electron. That extra electron makes it overall negatively charged, and means there are no unpaired electrons in the molecule, which makes it much more stable. Everything about the chemistry stems from that.","Cooperative","none","natural","askscience","What is the difference between a hydroxide ion (OH-), and a hydroxyl radical (OH.)?","333125a675ef"
"The only downside is if you overdose on it (f@&amp;king rare, but not impossible). Our body doesn’t overdose from producing vitamin D, if there’s enough it just stops producing… but supplementing, that’s another story.  But anyway, most supplements usually aren’t even close to have the announced amount, so no problem there. EDIT: well, except from the bad batch in UK reported below. But still, rare af.","It's a lot easier to take a vitamin D supplement, and as far as we can tell it works equally well as getting vitamin D from sunlight. So, go outside to exercise or just because it's enjoyable, but don't do it just for that reason.","Cooperative","none","natural","askscience","Do we get enough vitamin D wearing sunscreen?","35ad57552914"
"Getting vitamin D from fish is the reason Arctic Circle peoples like the Inuit were able to retain dark skin.","The sun is just one way to get vitamin D. You can also get it from fish, milk, cheese, egg yolks, and other dietary sources. Some foods (like milk and cereals) can be purchased fortified with extra vitamin D if you're worried. You can also get vitamin D supplements, but in any case if you're worried your doctor can do a pretty simple bit of blood work to check your levels.","Cooperative","none","natural","askscience","Do we get enough vitamin D wearing sunscreen?","fdd84a2f892f"
"Tran (Cod liver oil) should be taken all months with a ""r"" in it, if you are in the northern parts of the world. It is estimated that 2/3rds of nordics are vitamin d deficient in winter.","The sun is just one way to get vitamin D. You can also get it from fish, milk, cheese, egg yolks, and other dietary sources. Some foods (like milk and cereals) can be purchased fortified with extra vitamin D if you're worried. You can also get vitamin D supplements, but in any case if you're worried your doctor can do a pretty simple bit of blood work to check your levels.","Cooperative","none","natural","askscience","Do we get enough vitamin D wearing sunscreen?","7655938a76a2"
"Idk I’ve never gone to the doctors for it but as far as I know vitiligo should’ve been a permanent thing. My white patches faded in the winter and haven’t come back since I’ve been using sunscreen, I sure hope it’s not vitiligo and doesn’t spread","Have you been checked for vitiligo?  I get blotchy white spots that only appear after some sun that the doctor diagnosed as vitiligo.  The amount of sunlight required for proper vitamin D production is relatively small.  Sunscreen shouldn't be enough to cause any sort of deficiency.","Cooperative","none","natural","askscience","Do we get enough vitamin D wearing sunscreen?","4005280d015b"
"*Living outside* before the advent of sunscreen is how humans got vitamin D traditionally. In northern climate, this was indeed supplemented by moderate amounts through diet in the winter. Fair skin is an evolutionary adaptation to decrease melanin content so that the body is substantially more sensitive to creating vitamin D from the sun.","Eating it is how humans survived dark winters in the north. The fair skin helped, but in northern winter you still get into a deficit very easily and most adults in germany have a deficit in winter. Taking a supplement isnt really different from surviving on vitamin D rich foods. Skin damage or even cancer from sun damage is the worse thing in my opinion, I rather take a supplement and check in with the doctor (bloodwork once a year) than risk sun damage or an unhealthy deficit.","Cooperative","none","natural","askscience","Do we get enough vitamin D wearing sunscreen?","9c54d31f7057"
"Marsupials and monotremes are an entirely different gestation and birth paradigm, though. In a marsupial most of what would be part of gestation in a placental mammal takes place *after* birth. They pretty much just eject a foetus towards what's almost an external womb.  I suspect OP was intending to ask about placental mammals where the offspring is carried to full development.","Marsupials and monotreme.   Monotreme lay eggs so they have it easiest and risk free.    Marsupials have a very short gestational period and give birth to a very small baby so it’s also pretty easy and lower risk.   If your question only means placental mammals,  all non primates have lower risk.   Lot of our issues stem from having a bigger head, standing upright.","Cooperative","none","natural","askscience","Are there mammals that have an easy gestation and birthing process with not much risk involved to either mother or baby compared to humans?","73814ddb3bb0"
"I heard hyenas have a harder time than primates. Would be considered quite cruel and sadistic if designed by an intelligent being.","Marsupials and monotreme.   Monotreme lay eggs so they have it easiest and risk free.    Marsupials have a very short gestational period and give birth to a very small baby so it’s also pretty easy and lower risk.   If your question only means placental mammals,  all non primates have lower risk.   Lot of our issues stem from having a bigger head, standing upright.","Cooperative","none","natural","askscience","Are there mammals that have an easy gestation and birthing process with not much risk involved to either mother or baby compared to humans?","c1c689105de2"
"No, this is not true. Marsupials have massive cost to mother and baby for being born so undeveloped. Lactation is extremely intense on the mother.  Marsupials also have a large amount of miscarriages, their gametes are not as stable as eutherians.","Marsupials and monotreme.   Monotreme lay eggs so they have it easiest and risk free.    Marsupials have a very short gestational period and give birth to a very small baby so it’s also pretty easy and lower risk.   If your question only means placental mammals,  all non primates have lower risk.   Lot of our issues stem from having a bigger head, standing upright.","Quality","violating","natural","askscience","Are there mammals that have an easy gestation and birthing process with not much risk involved to either mother or baby compared to humans?","906883d0d625"
"I imagine there is some risk to marsupial babies falling off/not making it to the pouch though. I don't know if the mother would help and pick the baby up if it was so small","Marsupials and monotreme.   Monotreme lay eggs so they have it easiest and risk free.    Marsupials have a very short gestational period and give birth to a very small baby so it’s also pretty easy and lower risk.   If your question only means placental mammals,  all non primates have lower risk.   Lot of our issues stem from having a bigger head, standing upright.","Cooperative","none","natural","askscience","Are there mammals that have an easy gestation and birthing process with not much risk involved to either mother or baby compared to humans?","0a2a689bd358"
"Good point! Psychological theories of adult development describe personal growth as a trend of increasing personal autonomy - cognitive, moral, etc. Anecdotal evidence about creative individuals who lived in Soviet times (such as Brodsky, Grebenshikov, and many others) suggests that they lived as if this whole state messaging reality did not exist for them - and this is why they irritated the authorities so much.","Hi 👋    How do people maintain beliefs that seem to contradict their own lived experiences, especially in environments with strong state messaging?","Cooperative","none","natural","askscience","AskScience AMA Series: We are political psychologists. We found that 69% of surveyed Russians actually interpreted the war as undermining their social order, while state media convinces the remaining minority that the invasion protects their traditions. Ask Us Anything!","e922957d2cfb"
"There are a couple of books that answered this question for me - ""Russia Against Modernity"" and ""Internal Colonization"" by Alexander Etkind, as well as works by Vladislav Inozemtsev, especially his book ""Non-modern country: Russia in the 21st century world"" (not sure if the latter exists in English, but there are quite a few of his interviews).","Hi! Thanks for doing this.   Why do you think Russia thought it necessary to invade Ukraine by military force instead of using economic powers and negotiations over unresolved issues?","Cooperative","none","natural","askscience","AskScience AMA Series: We are political psychologists. We found that 69% of surveyed Russians actually interpreted the war as undermining their social order, while state media convinces the remaining minority that the invasion protects their traditions. Ask Us Anything!","43e4c47807ea"
"[ Removed by Reddit ]","How do propaganda officials in Russia figure out what works? do we know how they think and strategize? Do they have a playbooks passed down from the USSR days or something?","Quantity","opting_out","natural","askscience","AskScience AMA Series: We are political psychologists. We found that 69% of surveyed Russians actually interpreted the war as undermining their social order, while state media convinces the remaining minority that the invasion protects their traditions. Ask Us Anything!","ac9d6677c7d5"
"And even then, the fissionable material is only there for us to harvest because of a previous star that went supernova, producing the higher elements that we now get energy and materials from.","More than 99.9% of the energy used on Earth ultimately comes from the Sun. As others have pointed out, you have geothermal energy, nuclear fission and tidal power as exeptions. Though the Sun does play a smaller role in that one.","Cooperative","none","natural","askscience","Does all our energy on Earth come from the sun?","913ea17c8b1a"
"One more exception that comes with its own asterisk.  We can generate energy from Nuclear Fusion which comes entirely from primordial hydrogen atoms that were created shortly after the Big Bang. It's not currently a viable energy source that can provide power to a national grid but it IS an energy source.","More than 99.9% of the energy used on Earth ultimately comes from the Sun. As others have pointed out, you have geothermal energy, nuclear fission and tidal power as exeptions. Though the Sun does play a smaller role in that one.","Cooperative","none","natural","askscience","Does all our energy on Earth come from the sun?","01721d7edfe5"
"The other .01% comes from either the big bang, star creation, or star destruction.  The sun?  Nah.  A sun?  Yes.","More than 99.9% of the energy used on Earth ultimately comes from the Sun. As others have pointed out, you have geothermal energy, nuclear fission and tidal power as exeptions. Though the Sun does play a smaller role in that one.","Quality","flouting","natural","askscience","Does all our energy on Earth come from the sun?","cc75b18f4629"
"The sun provides around 40%-50% of the tidal forces that the moon does.  This is why there is a significantly larger difference in the tides when the moon and sun are on the same side of earth compared to when the moon and sun are on opposite sides.","More than 99.9% of the energy used on Earth ultimately comes from the Sun. As others have pointed out, you have geothermal energy, nuclear fission and tidal power as exeptions. Though the Sun does play a smaller role in that one.","Cooperative","none","natural","askscience","Does all our energy on Earth come from the sun?","ea34de020108"
"Without the sun there would be no planets and planet-moon combos, though this is not about energy but mere existence.   What's the source of geothermal energy? Is it gravitational potential energy converted into heat? Why is it hot down there? Because of the pressure I guess. And pressure is because of gravity. So it checks out, right?   Nuclear is the only one that is older than the sun, right?","More than 99.9% of the energy used on Earth ultimately comes from the Sun. As others have pointed out, you have geothermal energy, nuclear fission and tidal power as exeptions. Though the Sun does play a smaller role in that one.","Cooperative","none","natural","askscience","Does all our energy on Earth come from the sun?","536679b96c39"
"&gt;he had indeed submitted the death certificate  You sure? Because the story I heard was that the bank officials never listened to him, never communicated the requirements to him clearly and just dismissed him every time by asking to bring the person who the account belonged to.","This article doesn't mention that he had indeed submitted the death certificate but the bank staff were just power hungry and kept telling him to get his sister. That's when the malicious compliance happened. The government and bank suspended the involved employees and launched investigations.","Cooperative","none","natural","MaliciousCompliance","Indian Man Brings Sister’s Corpse to Bank After Being Told to “Bring Account Holder”","b94654a51e58"
"https://x.com/IOBIndia/status/2049313837447548987?s=20  Statement from the bank.    ∆  Edited to add - they state the customer was inebriated and refused to follow instructions presented by the bank and they paid it out evenly to the 3 claimants.","This article doesn't mention that he had indeed submitted the death certificate but the bank staff were just power hungry and kept telling him to get his sister. That's when the malicious compliance happened. The government and bank suspended the involved employees and launched investigations.","Cooperative","none","natural","MaliciousCompliance","Indian Man Brings Sister’s Corpse to Bank After Being Told to “Bring Account Holder”","b6e06a73b586"
"source?","This article doesn't mention that he had indeed submitted the death certificate but the bank staff were just power hungry and kept telling him to get his sister. That's when the malicious compliance happened. The government and bank suspended the involved employees and launched investigations.","Quantity","flouting","natural","MaliciousCompliance","Indian Man Brings Sister’s Corpse to Bank After Being Told to “Bring Account Holder”","e4e43bd0e1e3"
"Bless her heart. Years ago before the advent of debit cards, I once got a whining email from a credit card company asking why the card was never used. I pointed out that they sent only one card, addressed to my husband, which he signed and put in his wallet. I pointed out that I was the one who did the shopping. Their card was essentially in limbo, or possibly resting on the dark side of the moon. They issued me a card.","This happened about 40 years ago, but I think I'm recalling this correctly.  Dad has passed ten years earlier and Mom decides to finally get credit card put into her name.  She calls the credit card company and asks that the card be put in her name.  This is denied as she has no credit history.  She asked if they had a record of Dad's death.  They did. She then asked who they thought had been paying the account for the last ten years.  She got the card in her name.","Cooperative","none","natural","MaliciousCompliance","Indian Man Brings Sister’s Corpse to Bank After Being Told to “Bring Account Holder”","c566869f3091"
"When my dad died I tried to cancel some magazine subscriptions.  Magazine wanted a copy of his death certificate.  I just cancelled all his credit cards and when they tried to re-bill, they got a rejection.  They sent me a letter which I just round-filed.  Some companies are just plain stupid.","This happened about 40 years ago, but I think I'm recalling this correctly.  Dad has passed ten years earlier and Mom decides to finally get credit card put into her name.  She calls the credit card company and asks that the card be put in her name.  This is denied as she has no credit history.  She asked if they had a record of Dad's death.  They did. She then asked who they thought had been paying the account for the last ten years.  She got the card in her name.","Cooperative","none","natural","MaliciousCompliance","Indian Man Brings Sister’s Corpse to Bank After Being Told to “Bring Account Holder”","82112505b8fb"
"Your mum is my hero","This happened about 40 years ago, but I think I'm recalling this correctly.  Dad has passed ten years earlier and Mom decides to finally get credit card put into her name.  She calls the credit card company and asks that the card be put in her name.  This is denied as she has no credit history.  She asked if they had a record of Dad's death.  They did. She then asked who they thought had been paying the account for the last ten years.  She got the card in her name.","Cooperative","none","natural","MaliciousCompliance","Indian Man Brings Sister’s Corpse to Bank After Being Told to “Bring Account Holder”","f61590d85cf8"
"After my husband died, it was about five or six months before I realized that I needed to change the utilities over to my name. When I called the phone company, the representative told me that I was going to have to fill out a credit application, which I thought was ridiculous, as I’d been paying the bill for  many months. I called back a few minutes later, and got a more reasonable person who was happy to take my information and make the necessary changes.","This happened about 40 years ago, but I think I'm recalling this correctly.  Dad has passed ten years earlier and Mom decides to finally get credit card put into her name.  She calls the credit card company and asks that the card be put in her name.  This is denied as she has no credit history.  She asked if they had a record of Dad's death.  They did. She then asked who they thought had been paying the account for the last ten years.  She got the card in her name.","Cooperative","none","natural","MaliciousCompliance","Indian Man Brings Sister’s Corpse to Bank After Being Told to “Bring Account Holder”","bed6a943d9e5"
"POAs are not valid after death so they are just useless paper at that point.  A will with you named as executor would have helped.","I am dealing with this exact situation with Wells Fargo. Wells Fargo did not recognize my brother or myself as the financial POAs in front of them. Death certificate didn't mean anything to them. Now hiring a lawyer to create an estate on my father's behalf.    WF is a joke.","Cooperative","none","natural","MaliciousCompliance","Indian Man Brings Sister’s Corpse to Bank After Being Told to “Bring Account Holder”","205000c52c6c"
"Same shit happened to my mom when her aunt died. Bank of America wouldn’t recognize the POA, the TOD on the account or the probate court ruling her executor of the estate. She ended up having to sue to get the money. The judge in the probate court said he saw this shit on the regular with BoA. They purposely make the hoops impossible to go through.","I am dealing with this exact situation with Wells Fargo. Wells Fargo did not recognize my brother or myself as the financial POAs in front of them. Death certificate didn't mean anything to them. Now hiring a lawyer to create an estate on my father's behalf.    WF is a joke.","Cooperative","none","natural","MaliciousCompliance","Indian Man Brings Sister’s Corpse to Bank After Being Told to “Bring Account Holder”","d7a7e32ad5cd"
"Yeah, dealing with their shenanigans right now.  My father-in-law passed 12 years ago.  My Mother-in-law passed last year and we can't get anything out of Wells Fargo.  They have been playing a shell game moving money from one account to another and somehow $600,000.00 disappeared.","I am dealing with this exact situation with Wells Fargo. Wells Fargo did not recognize my brother or myself as the financial POAs in front of them. Death certificate didn't mean anything to them. Now hiring a lawyer to create an estate on my father's behalf.    WF is a joke.","Cooperative","none","natural","MaliciousCompliance","Indian Man Brings Sister’s Corpse to Bank After Being Told to “Bring Account Holder”","e81d51905faa"
"Ask the lawyer whether bringing the remains of the dead person would work","I am dealing with this exact situation with Wells Fargo. Wells Fargo did not recognize my brother or myself as the financial POAs in front of them. Death certificate didn't mean anything to them. Now hiring a lawyer to create an estate on my father's behalf.    WF is a joke.","Quality","flouting","natural","MaliciousCompliance","Indian Man Brings Sister’s Corpse to Bank After Being Told to “Bring Account Holder”","c6423fbc9e33"
"Uh, he's not going to be less dead later.","I know that feeling.  Dad died after a sudden, intense illness and we kept getting bills for months after as his estate settled.  One fine day when the family was in a foul mood the helicopter folks called, as they did every fucking day, for their bill.     Caller: ""Hi, is RevBullSr there?""   Me:  ""Sure, lemme grab a shovel.""   Caller:  ""...""   Caller: ""Oh.  Uh, we'll try later.  \*click\*","Manner","flouting","natural","MaliciousCompliance","Indian Man Brings Sister’s Corpse to Bank After Being Told to “Bring Account Holder”","5ed4e63271b5"
"That’s Wrigley Field!","Reminds me of The Blues Brothers when they gave the police their address as 1060 W. Addison St. Chicago, IL.","Cooperative","none","natural","MaliciousCompliance","Rude customer asked . . . and received","a821e5c76aff"
"That's my thought as well, hopefully Mr. Asinine realizes it and gets a little bit pink with embarrassment.","I love it! But, he did say the president, and that is the address of the White House.","Cooperative","none","natural","MaliciousCompliance","Rude customer asked . . . and received","6134f80a993f"
"Classic reference question: How many senators are there?  Well, do you mean US senators (during a given time period), state senators \[choose your state\]; baseball major league Washington Senators (1901-1960); baseball minor league Harrisburg Senators; or ancient Roman senators?","I love it! But, he did say the president, and that is the address of the White House.","Manner","flouting","natural","MaliciousCompliance","Rude customer asked . . . and received","c951b42a5283"
"That's what makes it malicious compliance","I love it! But, he did say the president, and that is the address of the White House.","Cooperative","none","natural","MaliciousCompliance","Rude customer asked . . . and received","2df24aedf415"
"We have a couple here in Ohio. Heck, the one that is a hunts brothers in a small town near me. They have pretty darn edible pizza, too.","Pizza cook in a convenience store, wtf?","Cooperative","none","natural","MaliciousCompliance","Rude customer asked . . . and received","55691e026421"
"Here are a lot of Casey’s in our area. All make and sell pizza. It might be the chain OP was part of as it originated in Iowa.","Pizza cook in a convenience store, wtf?","Cooperative","none","natural","MaliciousCompliance","Rude customer asked . . . and received","03e8f635c6d8"
"In Midwest, based in Ames, it’s Casey’s General Store that OP worked at.  Really good breakfast pizza and taco pizza.  Their other pizza is good, better than Dominos but not as good as Papa John’s.  Quality also varies from store to store.  There is a meme that is a picture of the first setltlment on Mars if settled by midwesterners and it’s a picture of a Casey’s across from a Dollar General.","Pizza cook in a convenience store, wtf?","Cooperative","none","natural","MaliciousCompliance","Rude customer asked . . . and received","134ab9c28ba8"
"Where the hell you live that doesn't have stuff like that at gas stations?","Pizza cook in a convenience store, wtf?","Quality","flouting","natural","MaliciousCompliance","Rude customer asked . . . and received","5a42493d6e36"
"Depends on the company. Bigger chains often have this- QT, Racetrac, Loves, Travel Stop, Maverick, Buc-ees, etc.","Pizza cook in a convenience store, wtf?","Cooperative","none","natural","MaliciousCompliance","Rude customer asked . . . and received","a9db56299c9a"
"Pretty normal here in WV.","Pizza cook in a convenience store, wtf?","Cooperative","none","natural","MaliciousCompliance","Rude customer asked . . . and received","1924740ecfca"
"I'm guessing it's a Casey's.   There taco pizza is to die for!","Pizza cook in a convenience store, wtf?","Cooperative","none","natural","MaliciousCompliance","Rude customer asked . . . and received","9f520fe44fbd"
"Huh, isn't the UK pm  at 10 Downing street? And the Canadian pm used to live at 24 Sussux before it was condemned and gutted.","Excellent!  Also, today I learned that the White House has a perfectly normal address, unlike the residence of the leaders of Canada and the UK.","Cooperative","none","natural","MaliciousCompliance","Rude customer asked . . . and received","001019ded973"
"Australia also has a normal address for the PM's residence:  5 Adelaide Avenue, Deakin, ACT 2600.     I would think it would be typical?","Excellent!  Also, today I learned that the White House has a perfectly normal address, unlike the residence of the leaders of Canada and the UK.","Cooperative","none","natural","MaliciousCompliance","Rude customer asked . . . and received","ce2d39b4a3cc"
"It was a different world back then. It was unusual to have any customers who behaved like this guy did, much less someone going straight to violence, at least in rural Missouri. I was in my late 20s (m), also, and in much better shape than Mr. Asinine was.","Good story. Were you ever concerned about any violent actions?","Cooperative","none","natural","MaliciousCompliance","Rude customer asked . . . and received","4e2a2b0190e7"
"so, not '90210'?  (Aussie here ;)","20500. That's the Zip code.","Quality","flouting","natural","MaliciousCompliance","Rude customer asked . . . and received","56e1759e888d"
"This is the white house addres","I'm not American, I don't get it.","Cooperative","none","natural","MaliciousCompliance","Rude customer asked . . . and received","a45af5eaa3db"
"He gave the street address of the White House, where the President of the United States lives.","I'm not American, I don't get it.","Cooperative","none","natural","MaliciousCompliance","Rude customer asked . . . and received","453acc385d6e"
"Like 10 Downing Street, London.","I'm not American, I don't get it.","Cooperative","none","natural","MaliciousCompliance","Rude customer asked . . . and received","9a569c6f4bfd"
"I don't get it too. Of course the president lives there.  There is only one president, isn't it?","I'm not American, I don't get it.","Cooperative","none","natural","MaliciousCompliance","Rude customer asked . . . and received","ee702bc8e6f7"
"OP says it was 30 plus years ago. Could’ve been the only phone in the store. They could always get incoming if people knew the number but also people didn’t need to call much as a regular practice if they knew the hours and the people working","Why did you need to go out to the payphone to call the cops?  Don't you have a phone at your desk?","Cooperative","none","natural","MaliciousCompliance","Rude customer asked . . . and received","79d5787d0a40"
"Making a point, maybe?","Why did you need to go out to the payphone to call the cops?  Don't you have a phone at your desk?","Cooperative","none","natural","MaliciousCompliance","Rude customer asked . . . and received","cd6c0271384c"
"This was in the late 80s-early 90s. There was a pay phone next to the door and an incoming-call-only phone in the kitchen for taking pizza orders. Those were the only phones in the store. Any calls to corporate were 800 numbers and free from the pay phone. 911 calls were also free.","Why did you need to go out to the payphone to call the cops?  Don't you have a phone at your desk?","Cooperative","none","natural","MaliciousCompliance","Rude customer asked . . . and received","4b1a5bc86dbb"
"Not back then we didn't.","Why did you need to go out to the payphone to call the cops?  Don't you have a phone at your desk?","Cooperative","none","natural","MaliciousCompliance","Rude customer asked . . . and received","fa97dd50f657"
"But daily is overkill, monthly maybe","Checked emergency doors that are never used""  Isnt that like, the whole thing about emergency exits? They're only ever used in emergencies, therefore incredibly rarely, so nobody spots when they're broken/blocked, henxe why its important to manually check them _before_ they don't open in an emergency??","Quality","flouting","natural","MaliciousCompliance","Manager said to follow the checklist exactly, so I did. Every single line.","cbda1fd88414"
"Yeah, like from what the OP said, it sounds like at least some of these procedures are the kind that are written in blood.  The fact that nobody has gone through and updated the checklist isn't just annoying (nobody likes to do shit that isn't relevant anymore), but also a potential red flag that other safety stuff is getting missed from lack of attention.","Checked emergency doors that are never used""  Isnt that like, the whole thing about emergency exits? They're only ever used in emergencies, therefore incredibly rarely, so nobody spots when they're broken/blocked, henxe why its important to manually check them _before_ they don't open in an emergency??","Cooperative","none","natural","MaliciousCompliance","Manager said to follow the checklist exactly, so I did. Every single line.","507ea1d962c3"
"Emergency door is not the same as emergency exit. An emergency door is only used for emergencies. An emergency exit can just be that  In case of an emergency you are expected to exit in this direction specifically. It could be that the side door normally only used for smoke breaks is the designated point of egress","Checked emergency doors that are never used""  Isnt that like, the whole thing about emergency exits? They're only ever used in emergencies, therefore incredibly rarely, so nobody spots when they're broken/blocked, henxe why its important to manually check them _before_ they don't open in an emergency??","Cooperative","none","natural","MaliciousCompliance","Manager said to follow the checklist exactly, so I did. Every single line.","0067abba9abb"
"Got stuck fire escape stairwell due to a door failure during a fire drill once. Could not leave the building at all. Couldn't backtrack to take a different exit as all doors locked so no one would enter a potentially burning building from there, and couldn't exit due to door failure. No one knew we were in there until after the drill.","Checked emergency doors that are never used""  Isnt that like, the whole thing about emergency exits? They're only ever used in emergencies, therefore incredibly rarely, so nobody spots when they're broken/blocked, henxe why its important to manually check them _before_ they don't open in an emergency??","Cooperative","none","natural","MaliciousCompliance","Manager said to follow the checklist exactly, so I did. Every single line.","4d5155e47429"
"[Triangle Shirtwaist] (https://en.wikipedia.org/wiki/Triangle_Shirtwaist_Factory_fire)","As a firefighter, I’m 100% good with checking every day that nobody has blocked or locked the emergency exits. A lot of the really major mass casualty fires have that one failure in common.","Relation","flouting","natural","MaliciousCompliance","Manager said to follow the checklist exactly, so I did. Every single line.","ba8962ce755d"
"Right? Is it really mysterious if only the manager is allowed to change it? lol","After that the checklist mysteriously got “updated” the next week ""  Is mysteriously updated the new ""quietly updated","Quality","flouting","natural","MaliciousCompliance","Manager said to follow the checklist exactly, so I did. Every single line.","37bdff9d57c8"
"As soon as I read the title I wondered if anything quietly happened a week later.","After that the checklist mysteriously got “updated” the next week ""  Is mysteriously updated the new ""quietly updated","Cooperative","none","natural","MaliciousCompliance","Manager said to follow the checklist exactly, so I did. Every single line.","c523c3461c05"
"Analyzing user profile...  Account does not have any comments.  Suspicion Quotient: 0.26  This account exhibits one or two minor traits commonly found in karma farming bots. While it's possible that u/k3ndall_m00rstone is a bot, it's very unlikely.  ^(I am a bot. This action was performed automatically. Check my profile for more information.)","u/bot-sleuth-bot","Cooperative","none","natural","MaliciousCompliance","Manager said to follow the checklist exactly, so I did. Every single line.","fa0edc629c51"
"OP's account was flagged as a bot yesterday: https://www.reddit.com/r/BotBouncer/comments/1sxez6v/overview_for_k3ndall_m00rstone/","Ai bot with 21 day old account does what it’s told!","Cooperative","none","natural","MaliciousCompliance","Manager said to follow the checklist exactly, so I did. Every single line.","07d4fd01d115"
"It's a common colloquialism.","I've found a new AI tell in these bullshit work stories. There's always a manager ""who's big on ____","Cooperative","none","natural","MaliciousCompliance","Manager said to follow the checklist exactly, so I did. Every single line.","ff394445c46a"
"You can’t just DECLARE pics, Michael.","I declare pics or it did not happen.","Manner","flouting","natural","tifu","TIFU by taking a wild bobcat home because I thought it was just a really mean Maine Coon","c0517013917c"
"Yeah I need to see the pics. Haven't cackled in a reddit post before so if it turns out to be false, I'd be severely disappointed.","I declare pics or it did not happen.","Cooperative","none","natural","tifu","TIFU by taking a wild bobcat home because I thought it was just a really mean Maine Coon","0c38f1beae9b"
"This is literally a karma farming post. This urban legend has been perpetuated since at least 2003.","I declare pics or it did not happen.","Cooperative","none","natural","tifu","TIFU by taking a wild bobcat home because I thought it was just a really mean Maine Coon","1f33a83d07eb"
"Yeah, there's no way OP doesn't have at least a FEW pictures of this creature in his house.","I declare pics or it did not happen.","Quality","flouting","natural","tifu","TIFU by taking a wild bobcat home because I thought it was just a really mean Maine Coon","a70b09beaaaf"
"Maybe if he comes back, I'll send him to you."" I love her already😂","This reminds me of the facebook post years ago where a woman brought a bobcat into her home thinking it was a stray cat.   https://www.craigslist.org/about/best/ric/6881185958.html","Cooperative","none","natural","tifu","TIFU by taking a wild bobcat home because I thought it was just a really mean Maine Coon","0036ec3b7564"
"&gt; And if you are one of the people who told me nicely out of concern, thank you and have a nice day!! If you Are one of the people who was rude to me and tried to mock me for not knowing, you can have a bad day!!(  Outstanding","This reminds me of the facebook post years ago where a woman brought a bobcat into her home thinking it was a stray cat.   https://www.craigslist.org/about/best/ric/6881185958.html","Quality","flouting","natural","tifu","TIFU by taking a wild bobcat home because I thought it was just a really mean Maine Coon","9026e2b25e00"
"My fiancé and I reference this all the time! He’s EXTREMELY AGGRESSIVE 🤣","This reminds me of the facebook post years ago where a woman brought a bobcat into her home thinking it was a stray cat.   https://www.craigslist.org/about/best/ric/6881185958.html","Cooperative","none","natural","tifu","TIFU by taking a wild bobcat home because I thought it was just a really mean Maine Coon","15a96f9de51b"
"With the success of the Cat Distribution System, they're currently launching the Bobcat Distribution System in some states. The Raccoon Distribution System has been found to have some serious bugs and has been pulled for a ground-up reworking.","Sounds like the kitten distribution system had a glitch in the safety protocols.","Quality","flouting","natural","tifu","TIFU by taking a wild bobcat home because I thought it was just a really mean Maine Coon","27f843409efe"
"Can confirm- went to the zoo last week  https://preview.redd.it/xpv3izyw77yg1.jpeg?width=3000&amp;format=pjpg&amp;auto=webp&amp;s=98dfee2a38ea4a764912dadbb5d572d2628f7daf","It doesn't surprise me that a cat would domesticate itself.  If you watch big cats in zoos they generally act like giant housecats.","Cooperative","none","natural","tifu","TIFU by taking a wild bobcat home because I thought it was just a really mean Maine Coon","64a69ed8f3a0"
"Technically, it sounds like the bobcat domesticated him, given all the canned tuna and heated beds.   It’s definitely a feline thing, and humans fall for it every time","It doesn't surprise me that a cat would domesticate itself.  If you watch big cats in zoos they generally act like giant housecats.","Quality","flouting","natural","tifu","TIFU by taking a wild bobcat home because I thought it was just a really mean Maine Coon","f06b0f0bc2c3"
"Yes!! Last month I went and the lion started batting his ball on a rope and roaring when my hubby and I walked up :) got a sick video of my special show too lol","It doesn't surprise me that a cat would domesticate itself.  If you watch big cats in zoos they generally act like giant housecats.","Cooperative","none","natural","tifu","TIFU by taking a wild bobcat home because I thought it was just a really mean Maine Coon","dd6d0eda52da"
"Probably because it's a made up story","Why wouldn’t you him to the vet earlier as in the same week you found him","Cooperative","none","natural","tifu","TIFU by taking a wild bobcat home because I thought it was just a really mean Maine Coon","e417961a5356"
"Feeling a little under the weather?","![gif](giphy|97je0CuAG3fhNSTchm)","Manner","flouting","natural","tifu","TIFU by smoking the world's 5th most potent poison (ricin) thinking it was weed.","1354650dc694"
"I’m trying to imagine how the conversation would go in an alternate timeline where Jesse knows what ricin is because he smoked it like OP","![gif](giphy|97je0CuAG3fhNSTchm)","Cooperative","none","natural","tifu","TIFU by smoking the world's 5th most potent poison (ricin) thinking it was weed.","21b2aa61cd46"
"Zero, just like before he smoked this stuff.","Damn, bro, how many brain cells do you think you have left after that?","Quality","flouting","natural","tifu","TIFU by smoking the world's 5th most potent poison (ricin) thinking it was weed.","026e296a457f"
"Both are still there, didn't you read?  They heat-deactivated the protein!","Damn, bro, how many brain cells do you think you have left after that?","Cooperative","none","natural","tifu","TIFU by smoking the world's 5th most potent poison (ricin) thinking it was weed.","05304952ccc5"
"It is but at far higher levels. The leaves still contain ricin but nowhere near as much. Eating (or stupidly smoking) the leaves would probably make you ill but not die. Unless you were stupid and smoked a lot of the leaves.","Isnt the ricin in the seeds?","Cooperative","none","natural","tifu","TIFU by smoking the world's 5th most potent poison (ricin) thinking it was weed.","b047b70da593"
"Yes, I tried setting the seeds on fire.","Isnt the ricin in the seeds?","Manner","flouting","natural","tifu","TIFU by smoking the world's 5th most potent poison (ricin) thinking it was weed.","08d7b214eed2"
"There is trace amounts in the leaves. The concentration was low enough that burning destroyed it.","Isnt the ricin in the seeds?","Cooperative","none","natural","tifu","TIFU by smoking the world's 5th most potent poison (ricin) thinking it was weed.","601f70fd51b5"
"I had to stop watching that show after that. Made it clear there was no good ending coming.","Maybe it was just Lilly of the Valley.","Cooperative","none","natural","tifu","TIFU by smoking the world's 5th most potent poison (ricin) thinking it was weed.","eec2d3ba3170"
"I see a dumb teenager smoking the leaves at one point, but mistaking ricin leaves for weed? They have red veins and some have red coloured leaves. The plant literally screams ""Don't ingest me"".","It’s not even the marijuana leaves that you are suppose to smoke. geesus.  If this story is true….","Cooperative","none","natural","tifu","TIFU by smoking the world's 5th most potent poison (ricin) thinking it was weed.","35ca52c5b764"
"The story is plausible given that the ricin concentration in the leaves is tiny and burning the leaves burns the ricin. Plausible doesn't mean true, of course.","Nobody should believe this","Cooperative","none","natural","tifu","TIFU by smoking the world's 5th most potent poison (ricin) thinking it was weed.","dd279412f9e8"
"OP tried to do one weed","Calling the effect of smoking weed a ""trip"" aligns so well with this story","Manner","flouting","natural","tifu","TIFU by smoking the world's 5th most potent poison (ricin) thinking it was weed.","a7a664fc558f"
"Only if  in north america, pther countries still have landrace strains that have %10 -%20 plus","Even if it was wild cannabis it wouldn’t have gotten you high. The stuff we smoke is specifically bred and grown to produce buds that contain a lot of THC. Wild plants will have negligible amounts.","Cooperative","none","natural","tifu","TIFU by smoking the world's 5th most potent poison (ricin) thinking it was weed.","806149a59517"
"Not only that, but you can't really smoke wet plant, cannabis is dried and cured, wet buds don't smoke well.","Even if it was wild cannabis it wouldn’t have gotten you high. The stuff we smoke is specifically bred and grown to produce buds that contain a lot of THC. Wild plants will have negligible amounts.","Cooperative","none","natural","tifu","TIFU by smoking the world's 5th most potent poison (ricin) thinking it was weed.","3fe13eb41e3e"
"Not that it's a foolproof method but if I see purple or pink in a leaf - I'm just going to automatically assume it's poisonous.","I searched this plant up because i wanted to see how similar they looked to weed.  https://preview.redd.it/2tdllssew6yg1.jpeg?width=360&amp;format=pjpg&amp;auto=webp&amp;s=1cc3d66f2341ff1daf79d6a374ec5e6de3587728","Cooperative","none","natural","tifu","TIFU by smoking the world's 5th most potent poison (ricin) thinking it was weed.","4d8e30920e90"
"&gt;I smell bs.  Which is more likely? In 2010, bright boy was unaware of recent military research on ricin antidotes? Or he was only aware of popular media reports that there is no antidote for ricin?","It has no antidote""       An antidote has been developed by the UK military, although as of 2006 it has not yet been tested on humans.[31][32] As of 2005 another antidote developed by the US military has been shown to be safe and effective in lab mice injected with antibody-rich blood mixed with ricin, and has had some human testing.[33] Monoclonal antibodies are under scientific investigation as a possible treatment for ricin poisoning.  https://en.wikipedia.org/wiki/Ricin    I smell bs.","Cooperative","none","natural","tifu","TIFU by smoking the world's 5th most potent poison (ricin) thinking it was weed.","69ff6ce149f1"
"By that very excerpt, whilst ricin does have some possible antidotes, they aren’t well tested and aren’t exactly easily accessible. Castor isn’t that uncommon of a plant, and people do dumb things all the time.","It has no antidote""       An antidote has been developed by the UK military, although as of 2006 it has not yet been tested on humans.[31][32] As of 2005 another antidote developed by the US military has been shown to be safe and effective in lab mice injected with antibody-rich blood mixed with ricin, and has had some human testing.[33] Monoclonal antibodies are under scientific investigation as a possible treatment for ricin poisoning.  https://en.wikipedia.org/wiki/Ricin    I smell bs.","Cooperative","none","natural","tifu","TIFU by smoking the world's 5th most potent poison (ricin) thinking it was weed.","162db57519c5"
"The deadly part is the seeds/beans. They're the only part of the plant that contains ricin.","Bro… how are you still alive after that?","Cooperative","none","natural","tifu","TIFU by smoking the world's 5th most potent poison (ricin) thinking it was weed.","fc59c1f39145"
"For us third world citizens it is often required that the passport is valid between three and six months after the return date. So we don't get even the full ten years.","It's not just the EU. A lot of countries require passports no older than 10 years. It might be an international standard.   Remember that y'all don't have ID cards, and most EU citizens leave the passport at home when travelling inside the union. Back then it was probably accepted as proof of identity, but it didn't have to be a passport.","Cooperative","none","natural","tifu","TIFU with my British passport","43858f2c474a"
"It's an international norm, definitely not a standard... There are no other countries that require passports to be less than 10 years old, though that is the norm by default as no countries issue them with longer than 10 years validity any more. Did a fair bit of research on this at the airport as I tried to salvage my fuck up!","It's not just the EU. A lot of countries require passports no older than 10 years. It might be an international standard.   Remember that y'all don't have ID cards, and most EU citizens leave the passport at home when travelling inside the union. Back then it was probably accepted as proof of identity, but it didn't have to be a passport.","Cooperative","none","natural","tifu","TIFU with my British passport","d1d60422fa46"
"Yeah, with an American passport they won’t let you board to leave the country inside of six months to expiry even, definitely not over ten years.","It's not just the EU. A lot of countries require passports no older than 10 years. It might be an international standard.   Remember that y'all don't have ID cards, and most EU citizens leave the passport at home when travelling inside the union. Back then it was probably accepted as proof of identity, but it didn't have to be a passport.","Cooperative","none","natural","tifu","TIFU with my British passport","653061a955e4"
"The rule that really catches Brits out is that the UK Passport Office used to add up to 9 months of unexpired time from your old passport onto your new one. So people look at the expiry date and think they have months left, completely forgetting that border control only cares about the issue date.","It's not just the EU. A lot of countries require passports no older than 10 years. It might be an international standard.   Remember that y'all don't have ID cards, and most EU citizens leave the passport at home when travelling inside the union. Back then it was probably accepted as proof of identity, but it didn't have to be a passport.","Cooperative","none","natural","tifu","TIFU with my British passport","5f8189ef06df"
"Denmark definitely requires a valid passport and pretty sure Germany does as well now.","It's not just the EU. A lot of countries require passports no older than 10 years. It might be an international standard.   Remember that y'all don't have ID cards, and most EU citizens leave the passport at home when travelling inside the union. Back then it was probably accepted as proof of identity, but it didn't have to be a passport.","Cooperative","none","natural","tifu","TIFU with my British passport","c3a149bb1f1b"
"*Do you feel you're winning yet Brexiters??*","It's not just the EU. A lot of countries require passports no older than 10 years. It might be an international standard.   Remember that y'all don't have ID cards, and most EU citizens leave the passport at home when travelling inside the union. Back then it was probably accepted as proof of identity, but it didn't have to be a passport.","Quality","flouting","natural","tifu","TIFU with my British passport","d29c83e779d4"
"They will also raise an eyebrow if it's about to expire in less than six months.","It's not just the EU. A lot of countries require passports no older than 10 years. It might be an international standard.   Remember that y'all don't have ID cards, and most EU citizens leave the passport at home when travelling inside the union. Back then it was probably accepted as proof of identity, but it didn't have to be a passport.","Cooperative","none","natural","tifu","TIFU with my British passport","5e033cae5f37"
"Thanks buddy... If it makes ONE person check, it'll have been worth it! Maybe not, but you've got to take the positive right?!","Yeah, comiserations to you, but thanks for turning the negative in to a positive and reminding the rest of us! Hope that you get yourself away for that break sometime in the near future!","Cooperative","none","natural","tifu","TIFU with my British passport","579100b34f35"
"It has come up in giant flashing lights on Booking.com, EZ and Ryanair at the point of booking for a number of years. The story appears frequently on the news and here on tifu. Saw a thread earlier this month! It's been almost 10 years, so very soon we'll run out of 10+ year passports.","This has been a frequent issue for people with UK passports that was in the news a lot. My relative got caught out by this over two years ago. I don’t know why it’s not more widely publicised on travel booking websites though.","Cooperative","none","natural","tifu","TIFU with my British passport","329f2d8a8f11"
"Zero information about it on the airline's website, though they are (of course!) covered by the 'abide by visa and travel rules and regulations...' catchall.","This has been a frequent issue for people with UK passports that was in the news a lot. My relative got caught out by this over two years ago. I don’t know why it’s not more widely publicised on travel booking websites though.","Quality","flouting","natural","tifu","TIFU with my British passport","19dccdf96c7b"
"Butttttt you can drive around schengen unchallenged while waiting for your new passport.","Thanks for posting this! I live full time in France and my passport expires in December. Just checked and it was issued in March! In theory that means that I can no longer visit other European countries or reenter France if I leave! Need to order a new one asap.","Cooperative","none","natural","tifu","TIFU with my British passport","e50a7b014b61"
"Winner! Glad you checked!","Thanks to this post I checked my passport for a trip I have coming up in a couple of months... if we'd arranged our trip 11 days later my passport would have been invalid even though it expires next year. Appreciate the heads-up OP, renewal will definitely be on my to do list as soon as I return.","Cooperative","none","natural","tifu","TIFU with my British passport","fb4612dbe4ea"
"Brexit.","You did a fairly stupid thing... Politically....?","Quantity","flouting","natural","tifu","TIFU with my British passport","cb23f571ad34"
"Woohoo! That's great to hear!","You just made me check mine and I think you saved me !! It expires in 2027 but was issued jan 2016 and I'm going to the EU in a couple of months.  !thanks","Cooperative","none","natural","tifu","TIFU with my British passport","e2476f6caaf0"
"That's not the issue, it's that it was issued more than ten years ago.","sorry that happened to you.       having to have at least six month remaining on your passeport for travel seems to have beent he standard for a long time now, no?","Quality","violating","natural","tifu","TIFU with my British passport","6cfcf44db1fc"
"I had 10 months left...","sorry that happened to you.       having to have at least six month remaining on your passeport for travel seems to have beent he standard for a long time now, no?","Cooperative","none","natural","tifu","TIFU with my British passport","c0a9da1285a1"
"Tbf even if OP had read it (although they clearly did not) that would've come through almost too late for even an urgent appointment.","Did the airline not warn you? When I booked recently with Ryanair (London to Montenegro), they had lots of warnings about passport requirements!","Cooperative","none","natural","tifu","TIFU with my British passport","8c643bfb1647"
